timestamp;element_id;process_instance_key;
2023.12.04 11:33:06.000;/api-gateway/identification/readIdentification/<dealId>;T0RsMTR1TjU0MDMxMjA0MDAwMQ;
2023.12.04 11:33:07.000;/api-gateway/identification/getIdCard/<dealId>;MktjQXJsTTQwMzEyMDQwMDAw;
2023.12.04 11:33:29.000;/api-gateway/kab/permanent/readApplication/<dealId>;MktjQXJsTTQwMzEyMDQwMDAw;
2023.12.04 11:33:22.000;/api-gateway/identification/compareFingerprints/<dealId>;Ty1kMFFTaFJZUTE5MzEyMDIwMDAy;
2023.12.04 11:33:19.000;/api-gateway/identification/readIdentification/<dealId>;MktjQXJsTTQwMzEyMDQwMDAw;
2023.12.04 11:33:30.000;/api-gateway/kab/permanent/readApplication/<dealId>;T0RsMTR1TjU0MDMxMjA0MDAwMQ;
2023.12.04 11:33:14.000;/api-gateway/identification/assessIdDocument/<dealId>;c2tCeE0wczQwMzEyMDQwMDAz;
2023.12.04 11:33:41.000;/api-gateway/kab/permanent/readApplication/<dealId>;MktjQXJsTTQwMzEyMDQwMDAw;
2023.12.04 11:33:18.000;/api-gateway/identification/confirmApplicantIdentity/<dealId>;c2tCeE0wczQwMzEyMDQwMDAz;
2023.12.04 11:33:50.000;/api-gateway/kab/permanent/readApplication/<dealId>;Ty1kMFFTaFJZUTE5MzEyMDIwMDAy;
2023.12.04 11:33:28.000;/api-gateway/kab/permanent/readApplication/<dealId>;c2tCeE0wczQwMzEyMDQwMDAz;
2023.12.04 11:33:57.000;/api-gateway/kab/permanent/setChipData/<dealId>;MktjQXJsTTQwMzEyMDQwMDAw;
2023.12.04 11:33:57.000;/api-gateway/kab/permanent/readApplication/<dealId>;MktjQXJsTTQwMzEyMDQwMDAw;
2023.12.04 11:34:01.000;/api-gateway/kab/permanent/readApplication/<dealId>;Ty1kMFFTaFJZUTE5MzEyMDIwMDAy;
2023.12.04 11:34:07.000;/api-gateway/kab/permanent/setEmergencyData/<dealId>;Ty1kMFFTaFJZUTE5MzEyMDIwMDAy;
2023.12.04 11:33:46.000;/api-gateway/kab/permanent/setApplicationData/<dealId>;Ty1kMFFTaFJZUTE5MzEyMDIwMDAy;
2023.12.04 11:34:51.000;/api-gateway/kab/permanent/setChipData/<dealId>;T0RsMTR1TjU0MDMxMjA0MDAwMQ;
2023.12.04 11:35:02.000;/api-gateway/kab/permanent/setDeliveryData/<dealId>;T0RsMTR1TjU0MDMxMjA0MDAwMQ;
2023.12.04 11:35:02.000;/api-gateway/kab/permanent/getApplicationForm/<dealId>;T0RsMTR1TjU0MDMxMjA0MDAwMQ;
2023.12.04 11:34:29.000;/api-gateway/kab/permanent/readApplication/<dealId>;c2tCeE0wczQwMzEyMDQwMDAz;
2023.12.04 11:34:18.000;/api-gateway/kab/permanent/readApplication/<dealId>;Ty1kMFFTaFJZUTE5MzEyMDIwMDAy;
2023.12.04 11:34:33.000;/api-gateway/kab/permanent/readApplication/<dealId>;Ty1kMFFTaFJZUTE5MzEyMDIwMDAy;
2023.12.04 11:34:34.000;/api-gateway/kab/permanent/setEmergencyData/<dealId>;c2tCeE0wczQwMzEyMDQwMDAz;
2023.12.04 11:37:27.000;/api-gateway/identification/readIdentification/<dealId>;UU9pdE13bW0zMDMxMjA0MDAwOA;
2023.12.04 11:37:23.000;/api-gateway/kab/permanent/readApplication/<dealId>;V0Jka21KbXQ0MDcxMjA0MDAwNw;
2023.12.04 11:37:28.000;/api-gateway/kab/permanent/setEIdEnvelopeId/<dealId>;V0Jka21KbXQ0MDcxMjA0MDAwNw;
2023.12.04 11:37:45.000;/api-gateway/kab/permanent/readApplication/<dealId>;UU9pdE13bW0zMDMxMjA0MDAwOA;
2023.12.04 11:37:38.000;/api-gateway/kab/permanent/setESignData/<dealId>;V0Jka21KbXQ0MDcxMjA0MDAwNw;
2023.12.04 11:37:59.000;/api-gateway/kab/permanent/setEmergencyData/<dealId>;V0Jka21KbXQ0MDcxMjA0MDAwNw;
2023.12.04 11:38:44.000;/api-gateway/kab/permanent/setEmergencyData/<dealId>;UU9pdE13bW0zMDMxMjA0MDAwOA;
2023.12.04 11:38:49.000;/api-gateway/kab/permanent/readApplication/<dealId>;UU9pdE13bW0zMDMxMjA0MDAwOA;
2023.12.04 11:38:17.000;/api-gateway/kab/permanent/setEIdEnvelopeId/<dealId>;UU9pdE13bW0zMDMxMjA0MDAwOA;
2023.12.04 11:35:13.000;/api-gateway/kab/permanent/approveApplication/<dealId>;T0RsMTR1TjU0MDMxMjA0MDAwMQ;
2023.12.04 11:35:32.000;/api-gateway/identification/readIdentification/<dealId>;emRrZWZQNjdiQTQwMzEyMDQwMDA0;
2023.12.04 11:35:58.000;/api-gateway/kab/permanent/setApplicationData/<dealId>;emRrZWZQNjdiQTQwMzEyMDQwMDA0;
2023.12.04 11:36:17.000;/api-gateway/kab/permanent/getESignForm/<dealId>;emRrZWZQNjdiQTQwMzEyMDQwMDA0;
2023.12.04 11:36:17.000;/api-gateway/kab/permanent/setESignData/<dealId>;emRrZWZQNjdiQTQwMzEyMDQwMDA0;
2023.12.04 11:36:55.000;/api-gateway/identification/readIdentification/<dealId>;V0Jka21KbXQ0MDcxMjA0MDAwNw;
2023.12.04 11:36:40.000;/api-gateway/kab/permanent/getESignForm/<dealId>;emRrZWZQNjdiQTQwMzEyMDQwMDA0;
2023.12.04 11:36:51.000;/api-gateway/kab/permanent/readApplication/<dealId>;emRrZWZQNjdiQTQwMzEyMDQwMDA0;
2023.12.04 11:36:57.000;/api-gateway/identification/confirmApplicantIdentity/<dealId>;V0Jka21KbXQ0MDcxMjA0MDAwNw;
2023.12.04 11:36:59.000;/api-gateway/kab/permanent/setEFunctions/<dealId>;emRrZWZQNjdiQTQwMzEyMDQwMDA0;
2023.12.04 11:37:03.000;/api-gateway/kab/permanent/setChipData/<dealId>;emRrZWZQNjdiQTQwMzEyMDQwMDA0;
2023.12.04 11:36:47.000;/api-gateway/identification/assessIdDocument/<dealId>;V0Jka21KbXQ0MDcxMjA0MDAwNw;
2023.12.04 11:37:20.000;/api-gateway/kab/permanent/readApplication/<dealId>;V0Jka21KbXQ0MDcxMjA0MDAwNw;
2023.12.04 11:37:28.000;/api-gateway/kab/permanent/readApplication/<dealId>;V0Jka21KbXQ0MDcxMjA0MDAwNw;
2023.12.04 11:37:38.000;/api-gateway/kab/permanent/getESignForm/<dealId>;V0Jka21KbXQ0MDcxMjA0MDAwNw;
2023.12.04 11:38:10.000;/api-gateway/kab/permanent/readApplication/<dealId>;UU9pdE13bW0zMDMxMjA0MDAwOA;
2023.12.04 11:33:42.000;/api-gateway/kab/permanent/readApplication/<dealId>;c2tCeE0wczQwMzEyMDQwMDAz;
2023.12.04 11:33:54.000;/api-gateway/kab/permanent/setEIdEnvelopeId/<dealId>;T0RsMTR1TjU0MDMxMjA0MDAwMQ;
2023.12.04 11:33:54.000;/api-gateway/kab/permanent/setEFunctions/<dealId>;MktjQXJsTTQwMzEyMDQwMDAw;
2023.12.04 11:33:21.000;/api-gateway/identification/confirmApplicantIdentity/<dealId>;T0RsMTR1TjU0MDMxMjA0MDAwMQ;
2023.12.04 11:33:50.000;/api-gateway/kab/permanent/readApplication/<dealId>;MktjQXJsTTQwMzEyMDQwMDAw;
2023.12.04 11:34:06.000;/api-gateway/kab/permanent/readApplication/<dealId>;MktjQXJsTTQwMzEyMDQwMDAw;
2023.12.04 11:33:56.000;/api-gateway/kab/permanent/readApplication/<dealId>;Ty1kMFFTaFJZUTE5MzEyMDIwMDAy;
2023.12.04 11:34:01.000;/api-gateway/kab/permanent/setEFunctions/<dealId>;Ty1kMFFTaFJZUTE5MzEyMDIwMDAy;
2023.12.04 11:33:47.000;/api-gateway/kab/permanent/readApplication/<dealId>;Ty1kMFFTaFJZUTE5MzEyMDIwMDAy;
2023.12.04 11:34:07.000;/api-gateway/kab/permanent/getEmergencyDataForm/<dealId>;Ty1kMFFTaFJZUTE5MzEyMDIwMDAy;
2023.12.04 11:38:08.000;/api-gateway/kab/permanent/signEmergencyData/<dealId>;V0Jka21KbXQ0MDcxMjA0MDAwNw;
2023.12.04 11:37:06.000;/api-gateway/kab/permanent/readApplication/<dealId>;V0Jka21KbXQ0MDcxMjA0MDAwNw;
2023.12.04 11:38:22.000;/api-gateway/kab/permanent/readApplication/<dealId>;UU9pdE13bW0zMDMxMjA0MDAwOA;
2023.12.04 11:38:54.000;/api-gateway/kab/permanent/readApplication/<dealId>;UU9pdE13bW0zMDMxMjA0MDAwOA;
2023.12.04 11:38:17.000;/api-gateway/kab/permanent/readApplication/<dealId>;V0Jka21KbXQ0MDcxMjA0MDAwNw;
2023.12.04 11:36:07.000;/api-gateway/kab/permanent/readApplication/<dealId>;emRrZWZQNjdiQTQwMzEyMDQwMDA0;
2023.12.04 11:35:58.000;/api-gateway/kab/permanent/readApplication/<dealId>;emRrZWZQNjdiQTQwMzEyMDQwMDA0;
2023.12.04 11:36:01.000;/api-gateway/kab/permanent/setDocumentData/<dealId>;emRrZWZQNjdiQTQwMzEyMDQwMDA0;
2023.12.04 11:34:29.000;/api-gateway/kab/permanent/setEFunctions/<dealId>;c2tCeE0wczQwMzEyMDQwMDAz;
2023.12.04 11:34:21.000;/api-gateway/kab/permanent/readApplication/<dealId>;c2tCeE0wczQwMzEyMDQwMDAz;
2023.12.04 11:34:22.000;/api-gateway/kab/permanent/approveApplication/<dealId>;MktjQXJsTTQwMzEyMDQwMDAw;
2023.12.04 11:34:44.000;/api-gateway/kab/permanent/signEmergencyData/<dealId>;T0RsMTR1TjU0MDMxMjA0MDAwMQ;
2023.12.04 11:34:29.000;/api-gateway/kab/permanent/readApplication/<dealId>;T0RsMTR1TjU0MDMxMjA0MDAwMQ;
2023.12.04 11:35:32.000;/api-gateway/kab/permanent/approveApplication/<dealId>;c2tCeE0wczQwMzEyMDQwMDAz;
2023.12.04 11:36:42.000;/api-gateway/identification/readIdentification/<dealId>;V0Jka21KbXQ0MDcxMjA0MDAwNw;
2023.12.04 11:36:47.000;/api-gateway/identification/readIdentification/<dealId>;V0Jka21KbXQ0MDcxMjA0MDAwNw;
2023.12.04 11:37:13.000;/api-gateway/kab/permanent/setDeliveryData/<dealId>;emRrZWZQNjdiQTQwMzEyMDQwMDA0;
2023.12.04 11:37:30.000;/api-gateway/identification/assessIdDocument/<dealId>;UU9pdE13bW0zMDMxMjA0MDAwOA;
2023.12.04 11:37:30.000;/api-gateway/identification/readIdentification/<dealId>;UU9pdE13bW0zMDMxMjA0MDAwOA;
2023.12.04 11:37:23.000;/api-gateway/kab/permanent/setDocumentData/<dealId>;V0Jka21KbXQ0MDcxMjA0MDAwNw;
2023.12.04 11:37:36.000;/api-gateway/identification/confirmApplicantIdentity/<dealId>;UU9pdE13bW0zMDMxMjA0MDAwOA;
2023.12.04 11:37:22.000;/api-gateway/kab/permanent/approveApplication/<dealId>;emRrZWZQNjdiQTQwMzEyMDQwMDA0;
2023.12.04 11:37:20.000;/api-gateway/kab/permanent/setApplicationData/<dealId>;V0Jka21KbXQ0MDcxMjA0MDAwNw;
2023.12.04 11:37:55.000;/api-gateway/kab/permanent/readApplication/<dealId>;V0Jka21KbXQ0MDcxMjA0MDAwNw;
2023.12.04 11:38:07.000;/api-gateway/kab/permanent/setApplicationData/<dealId>;UU9pdE13bW0zMDMxMjA0MDAwOA;
2023.12.04 11:38:54.000;/api-gateway/kab/permanent/setDeliveryData/<dealId>;UU9pdE13bW0zMDMxMjA0MDAwOA;
2023.12.04 11:38:49.000;/api-gateway/kab/permanent/setChipData/<dealId>;UU9pdE13bW0zMDMxMjA0MDAwOA;
2023.12.04 11:38:26.000;/api-gateway/kab/permanent/readApplication/<dealId>;V0Jka21KbXQ0MDcxMjA0MDAwNw;
2023.12.04 11:38:45.000;/api-gateway/kab/permanent/readApplication/<dealId>;UU9pdE13bW0zMDMxMjA0MDAwOA;
2023.12.04 11:38:17.000;/api-gateway/kab/permanent/setChipData/<dealId>;V0Jka21KbXQ0MDcxMjA0MDAwNw;
2023.12.04 11:33:12.000;/api-gateway/identification/getIdCard/<dealId>;Ty1kMFFTaFJZUTE5MzEyMDIwMDAy;
2023.12.04 11:34:18.000;/api-gateway/kab/permanent/signEmergencyData/<dealId>;Ty1kMFFTaFJZUTE5MzEyMDIwMDAy;
2023.12.04 11:34:33.000;/api-gateway/kab/permanent/setDeliveryData/<dealId>;Ty1kMFFTaFJZUTE5MzEyMDIwMDAy;
2023.12.04 11:34:42.000;/api-gateway/kab/permanent/approveApplication/<dealId>;Ty1kMFFTaFJZUTE5MzEyMDIwMDAy;
2023.12.04 11:35:32.000;/api-gateway/identification/assessIdDocument/<dealId>;emRrZWZQNjdiQTQwMzEyMDQwMDA0;
2023.12.04 11:35:36.000;/api-gateway/identification/confirmApplicantIdentity/<dealId>;emRrZWZQNjdiQTQwMzEyMDQwMDA0;
2023.12.04 11:33:07.000;/api-gateway/identification/getPassport/<dealId>;Ty1kMFFTaFJZUTE5MzEyMDIwMDAy;
2023.12.04 11:33:19.000;/api-gateway/identification/compareFingerprints/<dealId>;T0RsMTR1TjU0MDMxMjA0MDAwMQ;
2023.12.04 11:33:20.000;/api-gateway/identification/readIdentification/<dealId>;T0RsMTR1TjU0MDMxMjA0MDAwMQ;
2023.12.04 11:33:22.000;/api-gateway/identification/readIdentification/<dealId>;Ty1kMFFTaFJZUTE5MzEyMDIwMDAy;
2023.12.04 11:33:42.000;/api-gateway/kab/permanent/setDocumentData/<dealId>;MktjQXJsTTQwMzEyMDQwMDAw;
2023.12.04 11:33:43.000;/api-gateway/kab/permanent/readApplication/<dealId>;MktjQXJsTTQwMzEyMDQwMDAw;
2023.12.04 11:33:54.000;/api-gateway/kab/permanent/readApplication/<dealId>;T0RsMTR1TjU0MDMxMjA0MDAwMQ;
2023.12.04 11:33:49.000;/api-gateway/kab/permanent/setEIdEnvelopeId/<dealId>;MktjQXJsTTQwMzEyMDQwMDAw;
2023.12.04 11:33:54.000;/api-gateway/kab/permanent/readApplication/<dealId>;MktjQXJsTTQwMzEyMDQwMDAw;
2023.12.04 11:33:46.000;/api-gateway/kab/permanent/setDocumentData/<dealId>;c2tCeE0wczQwMzEyMDQwMDAz;
2023.12.04 11:33:48.000;/api-gateway/kab/permanent/readApplication/<dealId>;T0RsMTR1TjU0MDMxMjA0MDAwMQ;
2023.12.04 11:34:04.000;/api-gateway/kab/permanent/setESignData/<dealId>;c2tCeE0wczQwMzEyMDQwMDAz;
2023.12.04 11:35:21.000;/api-gateway/kab/permanent/setDeliveryData/<dealId>;c2tCeE0wczQwMzEyMDQwMDAz;
2023.12.04 11:35:21.000;/api-gateway/kab/permanent/readApplication/<dealId>;c2tCeE0wczQwMzEyMDQwMDAz;
2023.12.04 11:35:21.000;/api-gateway/kab/permanent/getApplicationForm/<dealId>;c2tCeE0wczQwMzEyMDQwMDAz;
2023.12.04 11:35:28.000;/api-gateway/identification/getOldTypeIdCard/<dealId>;emRrZWZQNjdiQTQwMzEyMDQwMDA0;
2023.12.04 11:36:01.000;/api-gateway/kab/permanent/readApplication/<dealId>;emRrZWZQNjdiQTQwMzEyMDQwMDA0;
2023.12.04 11:36:07.000;/api-gateway/kab/permanent/setEIdEnvelopeId/<dealId>;emRrZWZQNjdiQTQwMzEyMDQwMDA0;
2023.12.04 11:33:06.000;/api-gateway/identification/readIdentification/<dealId>;Ty1kMFFTaFJZUTE5MzEyMDIwMDAy;
2023.12.04 11:33:07.000;/api-gateway/identification/getIdCard/<dealId>;T0RsMTR1TjU0MDMxMjA0MDAwMQ;
2023.12.04 11:33:10.000;/api-gateway/identification/readIdentification/<dealId>;MktjQXJsTTQwMzEyMDQwMDAw;
2023.12.04 11:33:40.000;/api-gateway/kab/permanent/setApplicationData/<dealId>;MktjQXJsTTQwMzEyMDQwMDAw;
2023.12.04 11:33:42.000;/api-gateway/kab/permanent/setApplicationData/<dealId>;c2tCeE0wczQwMzEyMDQwMDAz;
2023.12.04 11:33:45.000;/api-gateway/kab/permanent/setApplicationData/<dealId>;T0RsMTR1TjU0MDMxMjA0MDAwMQ;
2023.12.04 11:33:52.000;/api-gateway/kab/permanent/setEIdEnvelopeId/<dealId>;c2tCeE0wczQwMzEyMDQwMDAz;
2023.12.04 11:33:52.000;/api-gateway/kab/permanent/readApplication/<dealId>;c2tCeE0wczQwMzEyMDQwMDAz;
2023.12.04 11:34:06.000;/api-gateway/kab/permanent/setESignData/<dealId>;T0RsMTR1TjU0MDMxMjA0MDAwMQ;
2023.12.04 11:33:46.000;/api-gateway/kab/permanent/readApplication/<dealId>;c2tCeE0wczQwMzEyMDQwMDAz;
2023.12.04 11:33:48.000;/api-gateway/kab/permanent/setDocumentData/<dealId>;T0RsMTR1TjU0MDMxMjA0MDAwMQ;
2023.12.04 11:34:06.000;/api-gateway/kab/permanent/setDeliveryData/<dealId>;MktjQXJsTTQwMzEyMDQwMDAw;
2023.12.04 11:34:04.000;/api-gateway/kab/permanent/getESignForm/<dealId>;c2tCeE0wczQwMzEyMDQwMDAz;
2023.12.04 11:37:13.000;/api-gateway/kab/permanent/getApplicationForm/<dealId>;emRrZWZQNjdiQTQwMzEyMDQwMDA0;
2023.12.04 11:37:27.000;/api-gateway/identification/getIdCard/<dealId>;UU9pdE13bW0zMDMxMjA0MDAwOA;
2023.12.04 11:37:13.000;/api-gateway/kab/permanent/readApplication/<dealId>;emRrZWZQNjdiQTQwMzEyMDQwMDA0;
2023.12.04 11:38:10.000;/api-gateway/kab/permanent/setDocumentData/<dealId>;UU9pdE13bW0zMDMxMjA0MDAwOA;
2023.12.04 11:37:48.000;/api-gateway/kab/permanent/readApplication/<dealId>;V0Jka21KbXQ0MDcxMjA0MDAwNw;
2023.12.04 11:37:59.000;/api-gateway/kab/permanent/getEmergencyDataForm/<dealId>;V0Jka21KbXQ0MDcxMjA0MDAwNw;
2023.12.04 11:38:26.000;/api-gateway/kab/permanent/getApplicationForm/<dealId>;V0Jka21KbXQ0MDcxMjA0MDAwNw;
2023.12.04 11:38:54.000;/api-gateway/kab/permanent/getApplicationForm/<dealId>;UU9pdE13bW0zMDMxMjA0MDAwOA;
2023.12.04 11:39:02.000;/api-gateway/kab/permanent/approveApplication/<dealId>;UU9pdE13bW0zMDMxMjA0MDAwOA;
2023.12.04 11:38:26.000;/api-gateway/kab/permanent/setDeliveryData/<dealId>;V0Jka21KbXQ0MDcxMjA0MDAwNw;
2023.12.04 11:38:22.000;/api-gateway/kab/permanent/setEFunctions/<dealId>;UU9pdE13bW0zMDMxMjA0MDAwOA;
2023.12.04 11:38:39.000;/api-gateway/kab/permanent/signEmergencyData/<dealId>;UU9pdE13bW0zMDMxMjA0MDAwOA;
2023.12.04 11:33:10.000;/api-gateway/identification/assessIdDocument/<dealId>;T0RsMTR1TjU0MDMxMjA0MDAwMQ;
2023.12.04 11:33:13.000;/api-gateway/identification/assessIdDocument/<dealId>;Ty1kMFFTaFJZUTE5MzEyMDIwMDAy;
2023.12.04 11:33:32.000;/api-gateway/kab/permanent/readApplication/<dealId>;Ty1kMFFTaFJZUTE5MzEyMDIwMDAy;
2023.12.04 11:33:18.000;/api-gateway/identification/compareFingerprints/<dealId>;MktjQXJsTTQwMzEyMDQwMDAw;
2023.12.04 11:34:28.000;/api-gateway/kab/permanent/setChipData/<dealId>;Ty1kMFFTaFJZUTE5MzEyMDIwMDAy;
2023.12.04 11:34:21.000;/api-gateway/kab/permanent/signESignData/<dealId>;T0RsMTR1TjU0MDMxMjA0MDAwMQ;
2023.12.04 11:34:52.000;/api-gateway/kab/permanent/readApplication/<dealId>;c2tCeE0wczQwMzEyMDQwMDAz;
2023.12.04 11:34:33.000;/api-gateway/kab/permanent/getApplicationForm/<dealId>;Ty1kMFFTaFJZUTE5MzEyMDIwMDAy;
2023.12.04 11:34:34.000;/api-gateway/kab/permanent/setEmergencyData/<dealId>;T0RsMTR1TjU0MDMxMjA0MDAwMQ;
2023.12.04 11:34:35.000;/api-gateway/kab/permanent/getEmergencyDataForm/<dealId>;T0RsMTR1TjU0MDMxMjA0MDAwMQ;
2023.12.04 11:35:02.000;/api-gateway/kab/permanent/readApplication/<dealId>;T0RsMTR1TjU0MDMxMjA0MDAwMQ;
2023.12.04 11:34:44.000;/api-gateway/kab/permanent/readApplication/<dealId>;T0RsMTR1TjU0MDMxMjA0MDAwMQ;
2023.12.04 11:34:45.000;/api-gateway/kab/permanent/readApplication/<dealId>;c2tCeE0wczQwMzEyMDQwMDAz;
2023.12.04 11:36:28.000;/api-gateway/kab/permanent/readApplication/<dealId>;emRrZWZQNjdiQTQwMzEyMDQwMDA0;
2023.12.04 11:36:51.000;/api-gateway/kab/permanent/signESignData/<dealId>;emRrZWZQNjdiQTQwMzEyMDQwMDA0;
2023.12.04 11:36:42.000;/api-gateway/identification/getPassport/<dealId>;V0Jka21KbXQ0MDcxMjA0MDAwNw;
2023.12.04 11:37:33.000;/api-gateway/identification/assessPortraitImage/<dealId>;UU9pdE13bW0zMDMxMjA0MDAwOA;
2023.12.04 11:37:33.000;/api-gateway/identification/readIdentification/<dealId>;UU9pdE13bW0zMDMxMjA0MDAwOA;
2023.12.04 11:37:55.000;/api-gateway/kab/permanent/setEFunctions/<dealId>;V0Jka21KbXQ0MDcxMjA0MDAwNw;
2023.12.04 11:38:08.000;/api-gateway/kab/permanent/readApplication/<dealId>;V0Jka21KbXQ0MDcxMjA0MDAwNw;
2023.12.04 11:38:07.000;/api-gateway/kab/permanent/readApplication/<dealId>;UU9pdE13bW0zMDMxMjA0MDAwOA;
2023.12.04 11:37:48.000;/api-gateway/kab/permanent/signESignData/<dealId>;V0Jka21KbXQ0MDcxMjA0MDAwNw;
2023.12.04 11:38:30.000;/api-gateway/kab/permanent/getEmergencyDataForm/<dealId>;UU9pdE13bW0zMDMxMjA0MDAwOA;
2023.12.04 11:38:17.000;/api-gateway/kab/permanent/readApplication/<dealId>;UU9pdE13bW0zMDMxMjA0MDAwOA;
2023.12.04 11:38:30.000;/api-gateway/kab/permanent/setEmergencyData/<dealId>;UU9pdE13bW0zMDMxMjA0MDAwOA;
2023.12.04 11:38:36.000;/api-gateway/kab/permanent/approveApplication/<dealId>;V0Jka21KbXQ0MDcxMjA0MDAwNw;
2023.12.04 11:38:39.000;/api-gateway/kab/permanent/readApplication/<dealId>;UU9pdE13bW0zMDMxMjA0MDAwOA;
2023.12.04 11:33:14.000;/api-gateway/identification/readIdentification/<dealId>;c2tCeE0wczQwMzEyMDQwMDAz;
2023.12.04 11:33:20.000;/api-gateway/identification/confirmApplicantIdentity/<dealId>;MktjQXJsTTQwMzEyMDQwMDAw;
2023.12.04 11:33:14.000;/api-gateway/identification/readIdentification/<dealId>;Ty1kMFFTaFJZUTE5MzEyMDIwMDAy;
2023.12.04 11:33:45.000;/api-gateway/kab/permanent/readApplication/<dealId>;T0RsMTR1TjU0MDMxMjA0MDAwMQ;
2023.12.04 11:33:24.000;/api-gateway/identification/confirmApplicantIdentity/<dealId>;Ty1kMFFTaFJZUTE5MzEyMDIwMDAy;
2023.12.04 11:33:50.000;/api-gateway/kab/permanent/setDocumentData/<dealId>;Ty1kMFFTaFJZUTE5MzEyMDIwMDAy;
2023.12.04 11:34:06.000;/api-gateway/kab/permanent/getESignForm/<dealId>;T0RsMTR1TjU0MDMxMjA0MDAwMQ;
2023.12.04 11:35:45.000;/api-gateway/kab/permanent/readApplication/<dealId>;emRrZWZQNjdiQTQwMzEyMDQwMDA0;
2023.12.04 11:35:27.000;/api-gateway/identification/readIdentification/<dealId>;emRrZWZQNjdiQTQwMzEyMDQwMDA0;
2023.12.04 11:34:28.000;/api-gateway/kab/permanent/readApplication/<dealId>;Ty1kMFFTaFJZUTE5MzEyMDIwMDAy;
2023.12.04 11:34:29.000;/api-gateway/kab/permanent/setEFunctions/<dealId>;T0RsMTR1TjU0MDMxMjA0MDAwMQ;
2023.12.04 11:34:21.000;/api-gateway/kab/permanent/signESignData/<dealId>;c2tCeE0wczQwMzEyMDQwMDAz;
2023.12.04 11:34:06.000;/api-gateway/kab/permanent/getApplicationForm/<dealId>;MktjQXJsTTQwMzEyMDQwMDAw;
2023.12.04 11:34:22.000;/api-gateway/kab/permanent/readApplication/<dealId>;T0RsMTR1TjU0MDMxMjA0MDAwMQ;
2023.12.04 11:34:51.000;/api-gateway/kab/permanent/readApplication/<dealId>;T0RsMTR1TjU0MDMxMjA0MDAwMQ;
2023.12.04 11:34:51.000;/api-gateway/kab/permanent/setChipData/<dealId>;c2tCeE0wczQwMzEyMDQwMDAz;
2023.12.04 11:34:34.000;/api-gateway/kab/permanent/getEmergencyDataForm/<dealId>;c2tCeE0wczQwMzEyMDQwMDAz;
2023.12.04 11:34:44.000;/api-gateway/kab/permanent/signEmergencyData/<dealId>;c2tCeE0wczQwMzEyMDQwMDAz;
2023.12.04 11:33:06.000;/api-gateway/identification/readIdentification/<dealId>;c2tCeE0wczQwMzEyMDQwMDAz;
2023.12.04 11:33:06.000;/api-gateway/identification/readIdentification/<dealId>;MktjQXJsTTQwMzEyMDQwMDAw;
2023.12.04 11:33:07.000;/api-gateway/identification/getDrivingLicense/<dealId>;c2tCeE0wczQwMzEyMDQwMDAz;
2023.12.04 11:33:10.000;/api-gateway/identification/readIdentification/<dealId>;T0RsMTR1TjU0MDMxMjA0MDAwMQ;
2023.12.04 11:33:10.000;/api-gateway/identification/assessIdDocument/<dealId>;MktjQXJsTTQwMzEyMDQwMDAw;
2023.12.04 11:33:11.000;/api-gateway/identification/getIdCard/<dealId>;c2tCeE0wczQwMzEyMDQwMDAz;
2023.12.04 11:33:56.000;/api-gateway/kab/permanent/setEIdEnvelopeId/<dealId>;Ty1kMFFTaFJZUTE5MzEyMDIwMDAy;
2023.12.04 11:36:55.000;/api-gateway/identification/compareFingerprints/<dealId>;V0Jka21KbXQ0MDcxMjA0MDAwNw;
2023.12.04 11:36:27.000;/api-gateway/kab/permanent/signESignData/<dealId>;emRrZWZQNjdiQTQwMzEyMDQwMDA0;
2023.12.04 11:36:59.000;/api-gateway/kab/permanent/readApplication/<dealId>;emRrZWZQNjdiQTQwMzEyMDQwMDA0;
2023.12.04 11:37:03.000;/api-gateway/kab/permanent/readApplication/<dealId>;emRrZWZQNjdiQTQwMzEyMDQwMDA0;
2023.12.04 11:36:45.000;/api-gateway/identification/getIdCard/<dealId>;V0Jka21KbXQ0MDcxMjA0MDAwNw;
2023.12.04 11:36:40.000;/api-gateway/kab/permanent/setESignData/<dealId>;emRrZWZQNjdiQTQwMzEyMDQwMDA0;
2023.12.04 11:42:21.000;/api-gateway/identification/readIdentification/<dealId>;blhPbWFheHNhQTQxMTEyMDQwMDE1;
2023.12.04 11:42:19.000;/api-gateway/identification/getIdCard/<dealId>;blhPbWFheHNhQTQxMTEyMDQwMDE1;
2023.12.04 11:42:30.000;/api-gateway/identification/compareFingerprints/<dealId>;blhPbWFheHNhQTQxMTEyMDQwMDE1;
2023.12.04 11:42:27.000;/api-gateway/identification/readIdentification/<dealId>;dENwaWpqclYzMDMxMjA0MDAxNg;
2023.12.04 11:42:17.000;/api-gateway/identification/getPassport/<dealId>;blhPbWFheHNhQTQxMTEyMDQwMDE1;
2023.12.04 11:42:51.000;/api-gateway/identification/confirmActingPersons/<dealId>;blhPbWFheHNhQTQxMTEyMDQwMDE1;
2023.12.04 11:43:22.000;/api-gateway/kab/permanent/readApplication/<dealId>;dENwaWpqclYzMDMxMjA0MDAxNg;
2023.12.04 11:43:27.000;/api-gateway/kab/permanent/readApplication/<dealId>;dENwaWpqclYzMDMxMjA0MDAxNg;
2023.12.04 11:43:30.000;/api-gateway/kab/permanent/setEFunctions/<dealId>;dENwaWpqclYzMDMxMjA0MDAxNg;
2023.12.04 11:43:27.000;/api-gateway/kab/permanent/setEIdEnvelopeId/<dealId>;dENwaWpqclYzMDMxMjA0MDAxNg;
2023.12.04 11:43:22.000;/api-gateway/kab/permanent/readApplication/<dealId>;blhPbWFheHNhQTQxMTEyMDQwMDE1;
2023.12.04 11:43:34.000;/api-gateway/kab/permanent/setEmergencyData/<dealId>;dENwaWpqclYzMDMxMjA0MDAxNg;
2023.12.04 11:43:39.000;/api-gateway/kab/permanent/readApplication/<dealId>;blhPbWFheHNhQTQxMTEyMDQwMDE1;
2023.12.04 11:43:51.000;/api-gateway/kab/permanent/readApplication/<dealId>;blhPbWFheHNhQTQxMTEyMDQwMDE1;
2023.12.04 11:43:43.000;/api-gateway/kab/permanent/signEmergencyData/<dealId>;dENwaWpqclYzMDMxMjA0MDAxNg;
2023.12.04 11:43:49.000;/api-gateway/kab/permanent/setChipData/<dealId>;dENwaWpqclYzMDMxMjA0MDAxNg;
2023.12.04 11:44:29.000;/api-gateway/kab/permanent/setEFunctions/<dealId>;ak9IM2hreldJdzMxODEyMDQwMDE3;
2023.12.04 11:44:21.000;/api-gateway/kab/permanent/setApplicationData/<dealId>;ak9IM2hreldJdzMxODEyMDQwMDE3;
2023.12.04 11:44:26.000;/api-gateway/kab/permanent/readApplication/<dealId>;ak9IM2hreldJdzMxODEyMDQwMDE3;
2023.12.04 11:44:43.000;/api-gateway/kab/permanent/approveApplication/<dealId>;ak9IM2hreldJdzMxODEyMDQwMDE3;
2023.12.04 11:44:34.000;/api-gateway/kab/permanent/getApplicationForm/<dealId>;ak9IM2hreldJdzMxODEyMDQwMDE3;
2023.12.04 11:44:34.000;/api-gateway/kab/permanent/setDeliveryData/<dealId>;ak9IM2hreldJdzMxODEyMDQwMDE3;
2023.12.04 13:51:20.000;/api-gateway/identification/assessIdDocument/<dealId>;RW56aE53dzI1MTEyMDQwMDEx;
2023.12.04 11:40:39.000;/api-gateway/identification/readIdentification/<dealId>;X2ZhQnR2d1UyNTExMjA0MDAxMQ;
2023.12.04 11:40:46.000;/api-gateway/identification/assessPortraitImage/<dealId>;X2ZhQnR2d1UyNTExMjA0MDAxMQ;
2023.12.04 11:40:46.000;/api-gateway/identification/readIdentification/<dealId>;X2ZhQnR2d1UyNTExMjA0MDAxMQ;
2023.12.04 11:40:31.000;/api-gateway/identification/getIdCard/<dealId>;TGh3WktJblczMTIxMjA0MDAxNA;
2023.12.04 11:41:10.000;/api-gateway/kab/permanent/readApplication/<dealId>;UnRWdmtqOFVfZzMwMzEyMDQwMDEy;
2023.12.04 11:40:56.000;/api-gateway/identification/getDrivingLicense/<dealId>;TGh3WktJblczMTIxMjA0MDAxNA;
2023.12.04 11:40:59.000;/api-gateway/identification/confirmActingPersons/<dealId>;TGh3WktJblczMTIxMjA0MDAxNA;
2023.12.04 11:41:23.000;/api-gateway/kab/permanent/setDeliveryData/<dealId>;UnRWdmtqOFVfZzMwMzEyMDQwMDEy;
2023.12.04 11:41:18.000;/api-gateway/kab/permanent/setChipData/<dealId>;UnRWdmtqOFVfZzMwMzEyMDQwMDEy;
2023.12.04 11:41:32.000;/api-gateway/kab/permanent/approveApplication/<dealId>;UnRWdmtqOFVfZzMwMzEyMDQwMDEy;
2023.12.04 11:42:49.000;/api-gateway/identification/getIdCard/<dealId>;blhPbWFheHNhQTQxMTEyMDQwMDE1;
2023.12.04 11:43:51.000;/api-gateway/kab/permanent/setDeliveryData/<dealId>;blhPbWFheHNhQTQxMTEyMDQwMDE1;
2023.12.04 11:43:55.000;/api-gateway/kab/permanent/readApplication/<dealId>;dENwaWpqclYzMDMxMjA0MDAxNg;
2023.12.04 11:44:02.000;/api-gateway/kab/permanent/approveApplication/<dealId>;dENwaWpqclYzMDMxMjA0MDAxNg;
2023.12.04 11:41:14.000;/api-gateway/kab/permanent/setEFunctions/<dealId>;UnRWdmtqOFVfZzMwMzEyMDQwMDEy;
2023.12.04 11:42:38.000;/api-gateway/identification/readIdentification/<dealId>;dENwaWpqclYzMDMxMjA0MDAxNg;
2023.12.04 11:42:20.000;/api-gateway/identification/assessIdDocument/<dealId>;blhPbWFheHNhQTQxMTEyMDQwMDE1;
2023.12.04 11:42:34.000;/api-gateway/identification/readIdentification/<dealId>;dENwaWpqclYzMDMxMjA0MDAxNg;
2023.12.04 11:42:59.000;/api-gateway/kab/permanent/readApplication/<dealId>;blhPbWFheHNhQTQxMTEyMDQwMDE1;
2023.12.04 11:42:31.000;/api-gateway/identification/readIdentification/<dealId>;blhPbWFheHNhQTQxMTEyMDQwMDE1;
2023.12.04 11:43:07.000;/api-gateway/kab/permanent/readApplication/<dealId>;dENwaWpqclYzMDMxMjA0MDAxNg;
2023.12.04 11:43:30.000;/api-gateway/kab/permanent/getEmergencyDataForm/<dealId>;blhPbWFheHNhQTQxMTEyMDQwMDE1;
2023.12.04 11:43:39.000;/api-gateway/kab/permanent/signEmergencyData/<dealId>;blhPbWFheHNhQTQxMTEyMDQwMDE1;
2023.12.04 11:43:51.000;/api-gateway/kab/permanent/getApplicationForm/<dealId>;blhPbWFheHNhQTQxMTEyMDQwMDE1;
2023.12.04 11:43:59.000;/api-gateway/kab/permanent/approveApplication/<dealId>;blhPbWFheHNhQTQxMTEyMDQwMDE1;
2023.12.04 11:43:55.000;/api-gateway/kab/permanent/getApplicationForm/<dealId>;dENwaWpqclYzMDMxMjA0MDAxNg;
2023.12.04 13:51:21.000;/api-gateway/identification/readIdentification/<dealId>;RW56aE53dzI1MTEyMDQwMDEx;
2023.12.04 11:40:47.000;/api-gateway/kab/permanent/readApplication/<dealId>;UnRWdmtqOFVfZzMwMzEyMDQwMDEy;
2023.12.04 11:40:34.000;/api-gateway/identification/readIdentification/<dealId>;TGh3WktJblczMTIxMjA0MDAxNA;
2023.12.04 11:40:57.000;/api-gateway/identification/getPassport/<dealId>;TGh3WktJblczMTIxMjA0MDAxNA;
2023.12.04 11:40:49.000;/api-gateway/identification/confirmApplicantIdentity/<dealId>;X2ZhQnR2d1UyNTExMjA0MDAxMQ;
2023.12.04 11:41:01.000;/api-gateway/kab/permanent/setApplicationData/<dealId>;UnRWdmtqOFVfZzMwMzEyMDQwMDEy;
2023.12.04 11:40:43.000;/api-gateway/identification/assessIdDocument/<dealId>;X2ZhQnR2d1UyNTExMjA0MDAxMQ;
2023.12.04 11:41:10.000;/api-gateway/kab/permanent/setEIdEnvelopeId/<dealId>;UnRWdmtqOFVfZzMwMzEyMDQwMDEy;
2023.12.04 11:43:55.000;/api-gateway/kab/permanent/setDeliveryData/<dealId>;dENwaWpqclYzMDMxMjA0MDAxNg;
2023.12.04 11:40:31.000;/api-gateway/identification/readIdentification/<dealId>;TGh3WktJblczMTIxMjA0MDAxNA;
2023.12.04 11:40:39.000;/api-gateway/identification/confirmApplicantIdentity/<dealId>;UnRWdmtqOFVfZzMwMzEyMDQwMDEy;
2023.12.04 11:41:02.000;/api-gateway/kab/permanent/readApplication/<dealId>;UnRWdmtqOFVfZzMwMzEyMDQwMDEy;
2023.12.04 11:41:17.000;/api-gateway/kab/permanent/setApplicationData/<dealId>;X2ZhQnR2d1UyNTExMjA0MDAxMQ;
2023.12.04 11:41:23.000;/api-gateway/kab/permanent/readApplication/<dealId>;UnRWdmtqOFVfZzMwMzEyMDQwMDEy;
2023.12.04 11:41:18.000;/api-gateway/kab/permanent/readApplication/<dealId>;UnRWdmtqOFVfZzMwMzEyMDQwMDEy;
2023.12.04 11:41:23.000;/api-gateway/kab/permanent/getApplicationForm/<dealId>;UnRWdmtqOFVfZzMwMzEyMDQwMDEy;
2023.12.04 11:42:27.000;/api-gateway/identification/assessIdDocument/<dealId>;dENwaWpqclYzMDMxMjA0MDAxNg;
2023.12.04 11:42:37.000;/api-gateway/identification/confirmApplicantIdentity/<dealId>;dENwaWpqclYzMDMxMjA0MDAxNg;
2023.12.04 11:42:33.000;/api-gateway/identification/confirmApplicantIdentity/<dealId>;blhPbWFheHNhQTQxMTEyMDQwMDE1;
2023.12.04 11:42:24.000;/api-gateway/identification/readIdentification/<dealId>;dENwaWpqclYzMDMxMjA0MDAxNg;
2023.12.04 11:42:57.000;/api-gateway/identification/setActingPerson/<dealId>;dENwaWpqclYzMDMxMjA0MDAxNg;
2023.12.04 11:42:49.000;/api-gateway/identification/readIdentification/<dealId>;blhPbWFheHNhQTQxMTEyMDQwMDE1;
2023.12.04 11:43:22.000;/api-gateway/kab/permanent/setEIdEnvelopeId/<dealId>;blhPbWFheHNhQTQxMTEyMDQwMDE1;
2023.12.04 11:43:49.000;/api-gateway/kab/permanent/readApplication/<dealId>;dENwaWpqclYzMDMxMjA0MDAxNg;
2023.12.04 11:44:23.000;/api-gateway/kab/permanent/readApplication/<dealId>;ak9IM2hreldJdzMxODEyMDQwMDE3;
2023.12.04 11:44:21.000;/api-gateway/kab/permanent/readApplication/<dealId>;ak9IM2hreldJdzMxODEyMDQwMDE3;
2023.12.04 11:44:23.000;/api-gateway/kab/permanent/setDocumentData/<dealId>;ak9IM2hreldJdzMxODEyMDQwMDE3;
2023.12.04 11:40:56.000;/api-gateway/identification/readIdentification/<dealId>;TGh3WktJblczMTIxMjA0MDAxNA;
2023.12.04 13:51:19.000;/api-gateway/identification/getIdCard/<dealId>;RW56aE53dzI1MTEyMDQwMDEx;
2023.12.04 13:51:18.000;/api-gateway/identification/readIdentification/<dealId>;RW56aE53dzI1MTEyMDQwMDEx;
2023.12.04 11:43:15.000;/api-gateway/kab/permanent/readApplication/<dealId>;blhPbWFheHNhQTQxMTEyMDQwMDE1;
2023.12.04 11:43:19.000;/api-gateway/kab/permanent/readApplication/<dealId>;dENwaWpqclYzMDMxMjA0MDAxNg;
2023.12.04 11:43:26.000;/api-gateway/kab/permanent/setEFunctions/<dealId>;blhPbWFheHNhQTQxMTEyMDQwMDE1;
2023.12.04 11:43:22.000;/api-gateway/kab/permanent/setDocumentData/<dealId>;dENwaWpqclYzMDMxMjA0MDAxNg;
2023.12.04 11:43:30.000;/api-gateway/kab/permanent/setEmergencyData/<dealId>;blhPbWFheHNhQTQxMTEyMDQwMDE1;
2023.12.04 11:43:18.000;/api-gateway/kab/permanent/readApplication/<dealId>;blhPbWFheHNhQTQxMTEyMDQwMDE1;
2023.12.04 11:43:26.000;/api-gateway/kab/permanent/readApplication/<dealId>;blhPbWFheHNhQTQxMTEyMDQwMDE1;
2023.12.04 11:43:44.000;/api-gateway/kab/permanent/setChipData/<dealId>;blhPbWFheHNhQTQxMTEyMDQwMDE1;
2023.12.04 11:44:19.000;/api-gateway/kab/permanent/readApplication/<dealId>;ak9IM2hreldJdzMxODEyMDQwMDE3;
2023.12.04 11:44:30.000;/api-gateway/kab/permanent/setChipData/<dealId>;ak9IM2hreldJdzMxODEyMDQwMDE3;
2023.12.04 11:44:26.000;/api-gateway/kab/permanent/setEIdEnvelopeId/<dealId>;ak9IM2hreldJdzMxODEyMDQwMDE3;
2023.12.04 11:44:34.000;/api-gateway/kab/permanent/readApplication/<dealId>;ak9IM2hreldJdzMxODEyMDQwMDE3;
2023.12.04 11:44:30.000;/api-gateway/kab/permanent/readApplication/<dealId>;ak9IM2hreldJdzMxODEyMDQwMDE3;
2023.12.04 13:51:21.000;/api-gateway/identification/assessPortraitImage/<dealId>;RW56aE53dzI1MTEyMDQwMDEx;
2023.12.04 13:51:22.000;/api-gateway/identification/confirmApplicantIdentity/<dealId>;RW56aE53dzI1MTEyMDQwMDEx;
2023.12.04 13:51:31.000;/api-gateway/kab/permanent/readApplication/<dealId>;RW56aE53dzI1MTEyMDQwMDEx;
2023.12.04 11:40:55.000;/api-gateway/identification/setActingPerson/<dealId>;TGh3WktJblczMTIxMjA0MDAxNA;
2023.12.04 11:40:57.000;/api-gateway/kab/permanent/readApplication/<dealId>;X2ZhQnR2d1UyNTExMjA0MDAxMQ;
2023.12.04 11:40:42.000;/api-gateway/identification/readIdentification/<dealId>;TGh3WktJblczMTIxMjA0MDAxNA;
2023.12.04 11:41:04.000;/api-gateway/kab/permanent/setDocumentData/<dealId>;UnRWdmtqOFVfZzMwMzEyMDQwMDEy;
2023.12.04 11:42:34.000;/api-gateway/identification/readIdentification/<dealId>;blhPbWFheHNhQTQxMTEyMDQwMDE1;
2023.12.04 11:42:34.000;/api-gateway/identification/compareFingerprints/<dealId>;dENwaWpqclYzMDMxMjA0MDAxNg;
2023.12.04 11:42:25.000;/api-gateway/identification/getIdCard/<dealId>;dENwaWpqclYzMDMxMjA0MDAxNg;
2023.12.04 11:42:17.000;/api-gateway/identification/readIdentification/<dealId>;blhPbWFheHNhQTQxMTEyMDQwMDE1;
2023.12.04 11:42:49.000;/api-gateway/identification/setActingPerson/<dealId>;blhPbWFheHNhQTQxMTEyMDQwMDE1;
2023.12.04 11:42:57.000;/api-gateway/identification/readIdentification/<dealId>;dENwaWpqclYzMDMxMjA0MDAxNg;
2023.12.04 11:43:19.000;/api-gateway/kab/permanent/setApplicationData/<dealId>;dENwaWpqclYzMDMxMjA0MDAxNg;
2023.12.04 11:42:24.000;/api-gateway/identification/readIdentification/<dealId>;blhPbWFheHNhQTQxMTEyMDQwMDE1;
2023.12.04 11:42:24.000;/api-gateway/identification/assessPortraitImage/<dealId>;blhPbWFheHNhQTQxMTEyMDQwMDE1;
2023.12.04 11:42:58.000;/api-gateway/identification/confirmActingPersons/<dealId>;dENwaWpqclYzMDMxMjA0MDAxNg;
2023.12.04 11:43:30.000;/api-gateway/kab/permanent/readApplication/<dealId>;dENwaWpqclYzMDMxMjA0MDAxNg;
2023.12.04 11:43:15.000;/api-gateway/kab/permanent/setApplicationData/<dealId>;blhPbWFheHNhQTQxMTEyMDQwMDE1;
2023.12.04 11:43:34.000;/api-gateway/kab/permanent/getEmergencyDataForm/<dealId>;dENwaWpqclYzMDMxMjA0MDAxNg;
2023.12.04 11:43:17.000;/api-gateway/kab/permanent/setDocumentData/<dealId>;blhPbWFheHNhQTQxMTEyMDQwMDE1;
2023.12.04 11:43:43.000;/api-gateway/kab/permanent/readApplication/<dealId>;dENwaWpqclYzMDMxMjA0MDAxNg;
2023.12.04 11:43:44.000;/api-gateway/kab/permanent/readApplication/<dealId>;blhPbWFheHNhQTQxMTEyMDQwMDE1;
2023.12.04 11:44:29.000;/api-gateway/kab/permanent/readApplication/<dealId>;ak9IM2hreldJdzMxODEyMDQwMDE3;
2023.12.04 13:51:20.000;/api-gateway/identification/readIdentification/<dealId>;RW56aE53dzI1MTEyMDQwMDEx;
2023.12.04 13:51:18.000;/api-gateway/identification/getDrivingLicense/<dealId>;RW56aE53dzI1MTEyMDQwMDEx;
2023.12.04 13:51:40.000;/api-gateway/kab/permanent/setApplicationData/<dealId>;RW56aE53dzI1MTEyMDQwMDEx;
2023.12.04 11:40:40.000;/api-gateway/identification/getDrivingLicense/<dealId>;X2ZhQnR2d1UyNTExMjA0MDAxMQ;
2023.12.04 11:40:42.000;/api-gateway/identification/compareFingerprints/<dealId>;TGh3WktJblczMTIxMjA0MDAxNA;
2023.12.04 11:40:42.000;/api-gateway/identification/getIdCard/<dealId>;X2ZhQnR2d1UyNTExMjA0MDAxMQ;
2023.12.04 11:40:33.000;/api-gateway/identification/assessIdDocument/<dealId>;TGh3WktJblczMTIxMjA0MDAxNA;
2023.12.04 11:40:44.000;/api-gateway/identification/confirmApplicantIdentity/<dealId>;TGh3WktJblczMTIxMjA0MDAxNA;
2023.12.04 11:40:45.000;/api-gateway/identification/readIdentification/<dealId>;TGh3WktJblczMTIxMjA0MDAxNA;
2023.12.04 11:41:08.000;/api-gateway/kab/permanent/readApplication/<dealId>;TGh3WktJblczMTIxMjA0MDAxNA;
2023.12.04 11:40:43.000;/api-gateway/identification/readIdentification/<dealId>;X2ZhQnR2d1UyNTExMjA0MDAxMQ;
2023.12.04 11:41:05.000;/api-gateway/kab/permanent/readApplication/<dealId>;UnRWdmtqOFVfZzMwMzEyMDQwMDEy;
2023.12.04 11:41:26.000;/api-gateway/kab/permanent/setApplicationData/<dealId>;TGh3WktJblczMTIxMjA0MDAxNA;
2023.12.04 11:41:15.000;/api-gateway/kab/permanent/readApplication/<dealId>;UnRWdmtqOFVfZzMwMzEyMDQwMDEy;
2023.12.04 11:40:35.000;/api-gateway/identification/readIdentification/<dealId>;UnRWdmtqOFVfZzMwMzEyMDQwMDEy;
2023.12.04 14:28:25.000;/api-gateway/kab/permanent/setApplicationData/<dealId>;b2NTU0h2eEc0MDMxMjA0MDAwNA;
2023.12.04 14:28:18.000;/api-gateway/kab/permanent/readApplication/<dealId>;b2NTU0h2eEc0MDMxMjA0MDAwNA;
2023.12.04 14:28:25.000;/api-gateway/kab/permanent/readApplication/<dealId>;b2NTU0h2eEc0MDMxMjA0MDAwNA;
2023.12.04 14:26:51.000;/api-gateway/identification/compareFingerprints/<dealId>;VmhENF9wTTQwMzEyMDQwMDAx;
2023.12.04 14:27:10.000;/api-gateway/kab/permanent/readApplication/<dealId>;ekZ3NXJnUXhIUTE5MzEyMDIwMDAy;
2023.12.04 14:27:03.000;/api-gateway/kab/permanent/readApplication/<dealId>;ekZ3NXJnUXhIUTE5MzEyMDIwMDAy;
2023.12.04 14:27:04.000;/api-gateway/kab/permanent/setESignData/<dealId>;RzhWZkUwQzg0MDMxMjA0MDAwMw;
2023.12.04 14:27:04.000;/api-gateway/kab/permanent/getESignForm/<dealId>;RzhWZkUwQzg0MDMxMjA0MDAwMw;
2023.12.04 14:27:59.000;/api-gateway/kab/permanent/getApplicationForm/<dealId>;VmhENF9wTTQwMzEyMDQwMDAx;
2023.12.04 14:05:00.000;/api-gateway/identification/readIdentification/<dealId>;dUY2VGREazMxMjEyMDQwMDE0;
2023.12.04 14:05:06.000;/api-gateway/identification/setActingPerson/<dealId>;dUY2VGREazMxMjEyMDQwMDE0;
2023.12.04 14:04:53.000;/api-gateway/identification/readIdentification/<dealId>;dUY2VGREazMxMjEyMDQwMDE0;
2023.12.04 14:05:18.000;/api-gateway/kab/permanent/readApplication/<dealId>;dUY2VGREazMxMjEyMDQwMDE0;
2023.12.04 14:24:26.000;/api-gateway/identification/getPassport/<dealId>;S3duX05fb3YzMTIxMjA0MDAxNA;
2023.12.04 14:21:58.000;/api-gateway/identification/getIdCard/<dealId>;Zm1uQjZaU2oyNTExMjA0MDAxMQ;
2023.12.04 14:24:36.000;/api-gateway/kab/permanent/readApplication/<dealId>;S3duX05fb3YzMTIxMjA0MDAxNA;
2023.12.04 14:24:26.000;/api-gateway/identification/readIdentification/<dealId>;S3duX05fb3YzMTIxMjA0MDAxNA;
2023.12.04 14:24:52.000;/api-gateway/kab/permanent/setEmergencyData/<dealId>;S3duX05fb3YzMTIxMjA0MDAxNA;
2023.12.04 14:26:42.000;/api-gateway/identification/readIdentification/<dealId>;VmhENF9wTTQwMzEyMDQwMDAx;
2023.12.04 14:26:54.000;/api-gateway/kab/permanent/readApplication/<dealId>;RzhWZkUwQzg0MDMxMjA0MDAwMw;
2023.12.04 14:27:02.000;/api-gateway/kab/permanent/setDocumentData/<dealId>;ZWViX1VmSTQwMzEyMDQwMDAw;
2023.12.04 14:27:13.000;/api-gateway/kab/permanent/setEFunctions/<dealId>;ekZ3NXJnUXhIUTE5MzEyMDIwMDAy;
2023.12.04 14:27:13.000;/api-gateway/kab/permanent/signESignData/<dealId>;RzhWZkUwQzg0MDMxMjA0MDAwMw;
2023.12.04 14:27:07.000;/api-gateway/kab/permanent/readApplication/<dealId>;ekZ3NXJnUXhIUTE5MzEyMDIwMDAy;
2023.12.04 14:27:22.000;/api-gateway/kab/permanent/setEmergencyData/<dealId>;RzhWZkUwQzg0MDMxMjA0MDAwMw;
2023.12.04 14:27:32.000;/api-gateway/kab/permanent/readApplication/<dealId>;ekZ3NXJnUXhIUTE5MzEyMDIwMDAy;
2023.12.04 14:28:10.000;/api-gateway/identification/confirmApplicantIdentity/<dealId>;b2NTU0h2eEc0MDMxMjA0MDAwNA;
2023.12.04 14:22:24.000;/api-gateway/kab/permanent/setApplicationData/<dealId>;Zm1uQjZaU2oyNTExMjA0MDAxMQ;
2023.12.04 14:22:26.000;/api-gateway/kab/permanent/setDocumentData/<dealId>;Zm1uQjZaU2oyNTExMjA0MDAxMQ;
2023.12.04 14:22:34.000;/api-gateway/kab/permanent/setEmergencyData/<dealId>;Zm1uQjZaU2oyNTExMjA0MDAxMQ;
2023.12.04 14:24:13.000;/api-gateway/identification/getIdCard/<dealId>;S3duX05fb3YzMTIxMjA0MDAxNA;
2023.12.04 14:22:54.000;/api-gateway/kab/permanent/readApplication/<dealId>;Zm1uQjZaU2oyNTExMjA0MDAxMQ;
2023.12.04 14:23:00.000;/api-gateway/kab/permanent/approveApplication/<dealId>;Zm1uQjZaU2oyNTExMjA0MDAxMQ;
2023.12.04 14:24:25.000;/api-gateway/identification/setActingPerson/<dealId>;S3duX05fb3YzMTIxMjA0MDAxNA;
2023.12.04 14:24:13.000;/api-gateway/identification/readIdentification/<dealId>;S3duX05fb3YzMTIxMjA0MDAxNA;
2023.12.04 14:24:15.000;/api-gateway/identification/readIdentification/<dealId>;S3duX05fb3YzMTIxMjA0MDAxNA;
2023.12.04 14:27:02.000;/api-gateway/kab/permanent/readApplication/<dealId>;ZWViX1VmSTQwMzEyMDQwMDAw;
2023.12.04 14:21:57.000;/api-gateway/identification/readIdentification/<dealId>;Zm1uQjZaU2oyNTExMjA0MDAxMQ;
2023.12.04 14:21:59.000;/api-gateway/identification/readIdentification/<dealId>;Zm1uQjZaU2oyNTExMjA0MDAxMQ;
2023.12.04 14:22:02.000;/api-gateway/identification/confirmApplicantIdentity/<dealId>;Zm1uQjZaU2oyNTExMjA0MDAxMQ;
2023.12.04 14:26:58.000;/api-gateway/kab/permanent/setEIdEnvelopeId/<dealId>;RzhWZkUwQzg0MDMxMjA0MDAwMw;
2023.12.04 14:27:01.000;/api-gateway/kab/permanent/readApplication/<dealId>;VmhENF9wTTQwMzEyMDQwMDAx;
2023.12.04 14:27:11.000;/api-gateway/kab/permanent/setApplicationData/<dealId>;VmhENF9wTTQwMzEyMDQwMDAx;
2023.12.04 14:27:06.000;/api-gateway/kab/permanent/setDocumentData/<dealId>;ekZ3NXJnUXhIUTE5MzEyMDIwMDAy;
2023.12.04 14:28:27.000;/api-gateway/kab/permanent/readApplication/<dealId>;b2NTU0h2eEc0MDMxMjA0MDAwNA;
2023.12.04 14:28:26.000;/api-gateway/kab/permanent/setDocumentData/<dealId>;b2NTU0h2eEc0MDMxMjA0MDAwNA;
2023.12.04 14:22:42.000;/api-gateway/kab/permanent/readApplication/<dealId>;Zm1uQjZaU2oyNTExMjA0MDAxMQ;
2023.12.04 14:24:28.000;/api-gateway/identification/confirmActingPersons/<dealId>;S3duX05fb3YzMTIxMjA0MDAxNA;
2023.12.04 14:25:06.000;/api-gateway/kab/permanent/setDeliveryData/<dealId>;S3duX05fb3YzMTIxMjA0MDAxNA;
2023.12.04 14:25:06.000;/api-gateway/kab/permanent/readApplication/<dealId>;S3duX05fb3YzMTIxMjA0MDAxNA;
2023.12.04 14:24:43.000;/api-gateway/kab/permanent/readApplication/<dealId>;S3duX05fb3YzMTIxMjA0MDAxNA;
2023.12.04 14:25:00.000;/api-gateway/kab/permanent/readApplication/<dealId>;S3duX05fb3YzMTIxMjA0MDAxNA;
2023.12.04 14:24:49.000;/api-gateway/kab/permanent/readApplication/<dealId>;S3duX05fb3YzMTIxMjA0MDAxNA;
2023.12.04 14:25:06.000;/api-gateway/kab/permanent/getApplicationForm/<dealId>;S3duX05fb3YzMTIxMjA0MDAxNA;
2023.12.04 14:27:16.000;/api-gateway/kab/permanent/setDeliveryData/<dealId>;ZWViX1VmSTQwMzEyMDQwMDAw;
2023.12.04 14:27:17.000;/api-gateway/kab/permanent/readApplication/<dealId>;ZWViX1VmSTQwMzEyMDQwMDAw;
2023.12.04 14:27:31.000;/api-gateway/kab/permanent/signEmergencyData/<dealId>;RzhWZkUwQzg0MDMxMjA0MDAwMw;
2023.12.04 14:27:19.000;/api-gateway/kab/permanent/setEFunctions/<dealId>;RzhWZkUwQzg0MDMxMjA0MDAwMw;
2023.12.04 14:27:25.000;/api-gateway/kab/permanent/setESignData/<dealId>;VmhENF9wTTQwMzEyMDQwMDAx;
2023.12.04 14:27:18.000;/api-gateway/kab/permanent/setEIdEnvelopeId/<dealId>;VmhENF9wTTQwMzEyMDQwMDAx;
2023.12.04 14:27:43.000;/api-gateway/kab/permanent/setEmergencyData/<dealId>;VmhENF9wTTQwMzEyMDQwMDAx;
2023.12.04 14:27:59.000;/api-gateway/kab/permanent/readApplication/<dealId>;VmhENF9wTTQwMzEyMDQwMDAx;
2023.12.04 14:28:06.000;/api-gateway/identification/readIdentification/<dealId>;b2NTU0h2eEc0MDMxMjA0MDAwNA;
2023.12.04 14:27:34.000;/api-gateway/kab/permanent/readApplication/<dealId>;RzhWZkUwQzg0MDMxMjA0MDAwMw;
2023.12.04 14:27:35.000;/api-gateway/kab/permanent/signESignData/<dealId>;VmhENF9wTTQwMzEyMDQwMDAx;
2023.12.04 14:05:07.000;/api-gateway/identification/getDrivingLicense/<dealId>;dUY2VGREazMxMjEyMDQwMDE0;
2023.12.04 14:04:51.000;/api-gateway/identification/getIdCard/<dealId>;dUY2VGREazMxMjEyMDQwMDE0;
2023.12.04 14:05:27.000;/api-gateway/kab/permanent/setApplicationData/<dealId>;dUY2VGREazMxMjEyMDQwMDE0;
2023.12.04 14:22:29.000;/api-gateway/kab/permanent/readApplication/<dealId>;Zm1uQjZaU2oyNTExMjA0MDAxMQ;
2023.12.04 14:22:17.000;/api-gateway/kab/permanent/readApplication/<dealId>;Zm1uQjZaU2oyNTExMjA0MDAxMQ;
2023.12.04 14:22:25.000;/api-gateway/kab/permanent/readApplication/<dealId>;Zm1uQjZaU2oyNTExMjA0MDAxMQ;
2023.12.04 14:22:34.000;/api-gateway/kab/permanent/getEmergencyDataForm/<dealId>;Zm1uQjZaU2oyNTExMjA0MDAxMQ;
2023.12.04 14:24:15.000;/api-gateway/identification/assessIdDocument/<dealId>;S3duX05fb3YzMTIxMjA0MDAxNA;
2023.12.04 14:24:45.000;/api-gateway/kab/permanent/readApplication/<dealId>;S3duX05fb3YzMTIxMjA0MDAxNA;
2023.12.04 14:24:47.000;/api-gateway/kab/permanent/readApplication/<dealId>;S3duX05fb3YzMTIxMjA0MDAxNA;
2023.12.04 14:24:52.000;/api-gateway/kab/permanent/getEmergencyDataForm/<dealId>;S3duX05fb3YzMTIxMjA0MDAxNA;
2023.12.04 14:25:13.000;/api-gateway/kab/permanent/approveApplication/<dealId>;S3duX05fb3YzMTIxMjA0MDAxNA;
2023.12.04 14:04:53.000;/api-gateway/identification/assessIdDocument/<dealId>;dUY2VGREazMxMjEyMDQwMDE0;
2023.12.04 14:05:07.000;/api-gateway/identification/readIdentification/<dealId>;dUY2VGREazMxMjEyMDQwMDE0;
2023.12.04 14:05:09.000;/api-gateway/identification/confirmActingPersons/<dealId>;dUY2VGREazMxMjEyMDQwMDE0;
2023.12.04 14:04:58.000;/api-gateway/identification/compareFingerprints/<dealId>;dUY2VGREazMxMjEyMDQwMDE0;
2023.12.04 14:26:37.000;/api-gateway/identification/readIdentification/<dealId>;ekZ3NXJnUXhIUTE5MzEyMDIwMDAy;
2023.12.04 14:26:32.000;/api-gateway/identification/readIdentification/<dealId>;RzhWZkUwQzg0MDMxMjA0MDAwMw;
2023.12.04 14:26:37.000;/api-gateway/identification/confirmApplicantIdentity/<dealId>;RzhWZkUwQzg0MDMxMjA0MDAwMw;
2023.12.04 14:26:51.000;/api-gateway/identification/readIdentification/<dealId>;VmhENF9wTTQwMzEyMDQwMDAx;
2023.12.04 14:26:44.000;/api-gateway/identification/readIdentification/<dealId>;ZWViX1VmSTQwMzEyMDQwMDAw;
2023.12.04 14:26:45.000;/api-gateway/identification/readIdentification/<dealId>;ekZ3NXJnUXhIUTE5MzEyMDIwMDAy;
2023.12.04 14:26:46.000;/api-gateway/identification/confirmApplicantIdentity/<dealId>;ZWViX1VmSTQwMzEyMDQwMDAw;
2023.12.04 14:26:53.000;/api-gateway/identification/confirmApplicantIdentity/<dealId>;VmhENF9wTTQwMzEyMDQwMDAx;
2023.12.04 14:26:54.000;/api-gateway/kab/permanent/setDocumentData/<dealId>;RzhWZkUwQzg0MDMxMjA0MDAwMw;
2023.12.04 14:26:58.000;/api-gateway/kab/permanent/readApplication/<dealId>;RzhWZkUwQzg0MDMxMjA0MDAwMw;
2023.12.04 14:27:03.000;/api-gateway/kab/permanent/setApplicationData/<dealId>;ekZ3NXJnUXhIUTE5MzEyMDIwMDAy;
2023.12.04 14:27:11.000;/api-gateway/kab/permanent/readApplication/<dealId>;ZWViX1VmSTQwMzEyMDQwMDAw;
2023.12.04 14:27:13.000;/api-gateway/kab/permanent/readApplication/<dealId>;ekZ3NXJnUXhIUTE5MzEyMDIwMDAy;
2023.12.04 14:27:14.000;/api-gateway/kab/permanent/readApplication/<dealId>;VmhENF9wTTQwMzEyMDQwMDAx;
2023.12.04 14:21:58.000;/api-gateway/identification/getDrivingLicense/<dealId>;Zm1uQjZaU2oyNTExMjA0MDAxMQ;
2023.12.04 14:21:59.000;/api-gateway/identification/assessIdDocument/<dealId>;Zm1uQjZaU2oyNTExMjA0MDAxMQ;
2023.12.04 14:26:35.000;/api-gateway/identification/readIdentification/<dealId>;ekZ3NXJnUXhIUTE5MzEyMDIwMDAy;
2023.12.04 14:26:35.000;/api-gateway/identification/assessIdDocument/<dealId>;RzhWZkUwQzg0MDMxMjA0MDAwMw;
2023.12.04 14:26:42.000;/api-gateway/identification/getIdCard/<dealId>;VmhENF9wTTQwMzEyMDQwMDAx;
2023.12.04 14:27:09.000;/api-gateway/kab/permanent/setEFunctions/<dealId>;ZWViX1VmSTQwMzEyMDQwMDAw;
2023.12.04 14:27:17.000;/api-gateway/kab/permanent/setEmergencyData/<dealId>;ekZ3NXJnUXhIUTE5MzEyMDIwMDAy;
2023.12.04 14:27:19.000;/api-gateway/kab/permanent/readApplication/<dealId>;VmhENF9wTTQwMzEyMDQwMDAx;
2023.12.04 14:27:17.000;/api-gateway/kab/permanent/getApplicationForm/<dealId>;ZWViX1VmSTQwMzEyMDQwMDAw;
2023.12.04 14:27:17.000;/api-gateway/kab/permanent/getEmergencyDataForm/<dealId>;ekZ3NXJnUXhIUTE5MzEyMDIwMDAy;
2023.12.04 14:27:25.000;/api-gateway/kab/permanent/getESignForm/<dealId>;VmhENF9wTTQwMzEyMDQwMDAx;
2023.12.04 14:27:19.000;/api-gateway/kab/permanent/readApplication/<dealId>;RzhWZkUwQzg0MDMxMjA0MDAwMw;
2023.12.04 14:27:55.000;/api-gateway/kab/permanent/readApplication/<dealId>;VmhENF9wTTQwMzEyMDQwMDAx;
2023.12.04 14:27:39.000;/api-gateway/kab/permanent/setEFunctions/<dealId>;VmhENF9wTTQwMzEyMDQwMDAx;
2023.12.04 14:27:43.000;/api-gateway/kab/permanent/getEmergencyDataForm/<dealId>;VmhENF9wTTQwMzEyMDQwMDAx;
2023.12.04 14:28:06.000;/api-gateway/identification/getOldTypeIdCard/<dealId>;b2NTU0h2eEc0MDMxMjA0MDAwNA;
2023.12.04 14:27:32.000;/api-gateway/kab/permanent/setChipData/<dealId>;ekZ3NXJnUXhIUTE5MzEyMDIwMDAy;
2023.12.04 14:27:34.000;/api-gateway/kab/permanent/setChipData/<dealId>;RzhWZkUwQzg0MDMxMjA0MDAwMw;
2023.12.04 14:27:35.000;/api-gateway/kab/permanent/readApplication/<dealId>;VmhENF9wTTQwMzEyMDQwMDAx;
2023.12.04 14:27:27.000;/api-gateway/kab/permanent/signEmergencyData/<dealId>;ekZ3NXJnUXhIUTE5MzEyMDIwMDAy;
2023.12.04 14:27:49.000;/api-gateway/kab/permanent/setDeliveryData/<dealId>;RzhWZkUwQzg0MDMxMjA0MDAwMw;
2023.12.04 14:27:50.000;/api-gateway/kab/permanent/readApplication/<dealId>;RzhWZkUwQzg0MDMxMjA0MDAwMw;
2023.12.04 14:22:00.000;/api-gateway/identification/assessPortraitImage/<dealId>;Zm1uQjZaU2oyNTExMjA0MDAxMQ;
2023.12.04 14:22:45.000;/api-gateway/kab/permanent/setChipData/<dealId>;Zm1uQjZaU2oyNTExMjA0MDAxMQ;
2023.12.04 14:22:30.000;/api-gateway/kab/permanent/setEFunctions/<dealId>;Zm1uQjZaU2oyNTExMjA0MDAxMQ;
2023.12.04 14:22:54.000;/api-gateway/kab/permanent/getApplicationForm/<dealId>;Zm1uQjZaU2oyNTExMjA0MDAxMQ;
2023.12.04 14:24:26.000;/api-gateway/identification/getDrivingLicense/<dealId>;S3duX05fb3YzMTIxMjA0MDAxNA;
2023.12.04 14:24:43.000;/api-gateway/kab/permanent/setApplicationData/<dealId>;S3duX05fb3YzMTIxMjA0MDAxNA;
2023.12.04 14:24:44.000;/api-gateway/kab/permanent/setDocumentData/<dealId>;S3duX05fb3YzMTIxMjA0MDAxNA;
2023.12.04 14:25:00.000;/api-gateway/kab/permanent/signEmergencyData/<dealId>;S3duX05fb3YzMTIxMjA0MDAxNA;
2023.12.04 14:25:03.000;/api-gateway/kab/permanent/setChipData/<dealId>;S3duX05fb3YzMTIxMjA0MDAxNA;
2023.12.04 14:25:03.000;/api-gateway/kab/permanent/readApplication/<dealId>;S3duX05fb3YzMTIxMjA0MDAxNA;
2023.12.04 14:24:47.000;/api-gateway/kab/permanent/setEIdEnvelopeId/<dealId>;S3duX05fb3YzMTIxMjA0MDAxNA;
2023.12.04 14:26:35.000;/api-gateway/identification/getPassport/<dealId>;ekZ3NXJnUXhIUTE5MzEyMDIwMDAy;
2023.12.04 14:26:35.000;/api-gateway/identification/readIdentification/<dealId>;RzhWZkUwQzg0MDMxMjA0MDAwMw;
2023.12.04 14:26:43.000;/api-gateway/identification/readIdentification/<dealId>;VmhENF9wTTQwMzEyMDQwMDAx;
2023.12.04 14:26:44.000;/api-gateway/identification/compareFingerprints/<dealId>;ZWViX1VmSTQwMzEyMDQwMDAw;
2023.12.04 14:26:44.000;/api-gateway/identification/compareFingerprints/<dealId>;ekZ3NXJnUXhIUTE5MzEyMDIwMDAy;
2023.12.04 14:26:40.000;/api-gateway/identification/readIdentification/<dealId>;ZWViX1VmSTQwMzEyMDQwMDAw;
2023.12.04 14:26:52.000;/api-gateway/kab/permanent/setApplicationData/<dealId>;RzhWZkUwQzg0MDMxMjA0MDAwMw;
2023.12.04 14:26:38.000;/api-gateway/identification/getIdCard/<dealId>;ZWViX1VmSTQwMzEyMDQwMDAw;
2023.12.04 14:26:46.000;/api-gateway/kab/permanent/readApplication/<dealId>;RzhWZkUwQzg0MDMxMjA0MDAwMw;
2023.12.04 14:27:00.000;/api-gateway/kab/permanent/setApplicationData/<dealId>;ZWViX1VmSTQwMzEyMDQwMDAw;
2023.12.04 14:27:01.000;/api-gateway/kab/permanent/readApplication/<dealId>;ZWViX1VmSTQwMzEyMDQwMDAw;
2023.12.04 14:27:11.000;/api-gateway/kab/permanent/readApplication/<dealId>;VmhENF9wTTQwMzEyMDQwMDAx;
2023.12.04 14:27:06.000;/api-gateway/kab/permanent/readApplication/<dealId>;ZWViX1VmSTQwMzEyMDQwMDAw;
2023.12.04 14:27:13.000;/api-gateway/kab/permanent/setDocumentData/<dealId>;VmhENF9wTTQwMzEyMDQwMDAx;
2023.12.04 14:26:38.000;/api-gateway/identification/readIdentification/<dealId>;ZWViX1VmSTQwMzEyMDQwMDAw;
2023.12.04 14:26:36.000;/api-gateway/identification/getIdCard/<dealId>;ekZ3NXJnUXhIUTE5MzEyMDIwMDAy;
2023.12.04 14:26:46.000;/api-gateway/identification/confirmApplicantIdentity/<dealId>;ekZ3NXJnUXhIUTE5MzEyMDIwMDAy;
2023.12.04 14:27:10.000;/api-gateway/kab/permanent/setEIdEnvelopeId/<dealId>;ekZ3NXJnUXhIUTE5MzEyMDIwMDAy;
2023.12.04 14:27:54.000;/api-gateway/kab/permanent/setChipData/<dealId>;VmhENF9wTTQwMzEyMDQwMDAx;
2023.12.04 14:27:57.000;/api-gateway/kab/permanent/approveApplication/<dealId>;RzhWZkUwQzg0MDMxMjA0MDAwMw;
2023.12.04 14:28:06.000;/api-gateway/kab/permanent/approveApplication/<dealId>;VmhENF9wTTQwMzEyMDQwMDAx;
2023.12.04 14:28:08.000;/api-gateway/identification/assessIdDocument/<dealId>;b2NTU0h2eEc0MDMxMjA0MDAwNA;
2023.12.04 14:28:08.000;/api-gateway/identification/readIdentification/<dealId>;b2NTU0h2eEc0MDMxMjA0MDAwNA;
2023.12.04 14:27:51.000;/api-gateway/kab/permanent/readApplication/<dealId>;VmhENF9wTTQwMzEyMDQwMDAx;
2023.12.04 14:22:26.000;/api-gateway/kab/permanent/readApplication/<dealId>;Zm1uQjZaU2oyNTExMjA0MDAxMQ;
2023.12.04 14:22:31.000;/api-gateway/kab/permanent/readApplication/<dealId>;Zm1uQjZaU2oyNTExMjA0MDAxMQ;
2023.12.04 14:05:07.000;/api-gateway/identification/getPassport/<dealId>;dUY2VGREazMxMjEyMDQwMDE0;
2023.12.04 14:04:59.000;/api-gateway/identification/readIdentification/<dealId>;dUY2VGREazMxMjEyMDQwMDE0;
2023.12.04 14:05:00.000;/api-gateway/identification/confirmApplicantIdentity/<dealId>;dUY2VGREazMxMjEyMDQwMDE0;
2023.12.04 14:22:00.000;/api-gateway/identification/readIdentification/<dealId>;Zm1uQjZaU2oyNTExMjA0MDAxMQ;
2023.12.04 14:22:42.000;/api-gateway/kab/permanent/signEmergencyData/<dealId>;Zm1uQjZaU2oyNTExMjA0MDAxMQ;
2023.12.04 14:22:45.000;/api-gateway/kab/permanent/readApplication/<dealId>;Zm1uQjZaU2oyNTExMjA0MDAxMQ;
2023.12.04 14:22:53.000;/api-gateway/kab/permanent/setDeliveryData/<dealId>;Zm1uQjZaU2oyNTExMjA0MDAxMQ;
2023.12.04 14:22:28.000;/api-gateway/kab/permanent/setEIdEnvelopeId/<dealId>;Zm1uQjZaU2oyNTExMjA0MDAxMQ;
2023.12.04 14:26:37.000;/api-gateway/identification/assessIdDocument/<dealId>;ekZ3NXJnUXhIUTE5MzEyMDIwMDAy;
2023.12.04 14:26:34.000;/api-gateway/identification/getIdCard/<dealId>;RzhWZkUwQzg0MDMxMjA0MDAwMw;
2023.12.04 14:26:43.000;/api-gateway/identification/assessIdDocument/<dealId>;VmhENF9wTTQwMzEyMDQwMDAx;
2023.12.04 14:26:40.000;/api-gateway/identification/assessIdDocument/<dealId>;ZWViX1VmSTQwMzEyMDQwMDAw;
2023.12.04 14:26:52.000;/api-gateway/kab/permanent/readApplication/<dealId>;RzhWZkUwQzg0MDMxMjA0MDAwMw;
2023.12.04 14:26:54.000;/api-gateway/kab/permanent/readApplication/<dealId>;ekZ3NXJnUXhIUTE5MzEyMDIwMDAy;
2023.12.04 14:27:11.000;/api-gateway/kab/permanent/setChipData/<dealId>;ZWViX1VmSTQwMzEyMDQwMDAw;
2023.12.04 14:27:06.000;/api-gateway/kab/permanent/setEIdEnvelopeId/<dealId>;ZWViX1VmSTQwMzEyMDQwMDAw;
2023.12.04 14:27:09.000;/api-gateway/kab/permanent/readApplication/<dealId>;ZWViX1VmSTQwMzEyMDQwMDAw;
2023.12.04 14:27:13.000;/api-gateway/kab/permanent/readApplication/<dealId>;RzhWZkUwQzg0MDMxMjA0MDAwMw;
2023.12.04 14:27:27.000;/api-gateway/kab/permanent/readApplication/<dealId>;ekZ3NXJnUXhIUTE5MzEyMDIwMDAy;
2023.12.04 14:27:22.000;/api-gateway/kab/permanent/getEmergencyDataForm/<dealId>;RzhWZkUwQzg0MDMxMjA0MDAwMw;
2023.12.04 14:27:25.000;/api-gateway/kab/permanent/approveApplication/<dealId>;ZWViX1VmSTQwMzEyMDQwMDAw;
2023.12.04 14:27:59.000;/api-gateway/kab/permanent/setDeliveryData/<dealId>;VmhENF9wTTQwMzEyMDQwMDAx;
2023.12.04 14:27:40.000;/api-gateway/kab/permanent/readApplication/<dealId>;VmhENF9wTTQwMzEyMDQwMDAx;
2023.12.04 14:27:43.000;/api-gateway/kab/permanent/approveApplication/<dealId>;ekZ3NXJnUXhIUTE5MzEyMDIwMDAy;
2023.12.04 14:27:31.000;/api-gateway/kab/permanent/readApplication/<dealId>;RzhWZkUwQzg0MDMxMjA0MDAwMw;
2023.12.04 14:27:35.000;/api-gateway/kab/permanent/setDeliveryData/<dealId>;ekZ3NXJnUXhIUTE5MzEyMDIwMDAy;
2023.12.04 14:27:35.000;/api-gateway/kab/permanent/readApplication/<dealId>;ekZ3NXJnUXhIUTE5MzEyMDIwMDAy;
2023.12.04 14:27:35.000;/api-gateway/kab/permanent/getApplicationForm/<dealId>;ekZ3NXJnUXhIUTE5MzEyMDIwMDAy;
2023.12.04 14:27:50.000;/api-gateway/kab/permanent/getApplicationForm/<dealId>;RzhWZkUwQzg0MDMxMjA0MDAwMw;
2023.12.04 14:27:51.000;/api-gateway/kab/permanent/signEmergencyData/<dealId>;VmhENF9wTTQwMzEyMDQwMDAx;
2023.12.04 14:26:32.000;/api-gateway/identification/getDrivingLicense/<dealId>;RzhWZkUwQzg0MDMxMjA0MDAwMw;
2023.12.04 14:26:54.000;/api-gateway/kab/permanent/readApplication/<dealId>;ZWViX1VmSTQwMzEyMDQwMDAw;
2023.12.04 14:24:21.000;/api-gateway/identification/readIdentification/<dealId>;S3duX05fb3YzMTIxMjA0MDAxNA;
2023.12.04 14:24:21.000;/api-gateway/identification/confirmApplicantIdentity/<dealId>;S3duX05fb3YzMTIxMjA0MDAxNA;
2023.12.04 14:24:19.000;/api-gateway/identification/compareFingerprints/<dealId>;S3duX05fb3YzMTIxMjA0MDAxNA;
2023.12.04 14:24:20.000;/api-gateway/identification/readIdentification/<dealId>;S3duX05fb3YzMTIxMjA0MDAxNA;
2023.12.04 14:24:49.000;/api-gateway/kab/permanent/setEFunctions/<dealId>;S3duX05fb3YzMTIxMjA0MDAxNA;
2023.12.04 14:04:51.000;/api-gateway/identification/readIdentification/<dealId>;dUY2VGREazMxMjEyMDQwMDE0;
2023.12.04 14:29:18.000;/api-gateway/kab/permanent/readApplication/<dealId>;LXJCVGdVZjk0MDcxMjA0MDAwNw;
2023.12.04 14:29:57.000;/api-gateway/kab/permanent/setDeliveryData/<dealId>;LXJCVGdVZjk0MDcxMjA0MDAwNw;
2023.12.04 14:30:14.000;/api-gateway/kab/permanent/setChipData/<dealId>;Zk9ILVZIUWFGdzMwMzEyMDQwMDA4;
2023.12.04 14:28:43.000;/api-gateway/identification/readIdentification/<dealId>;LXJCVGdVZjk0MDcxMjA0MDAwNw;
2023.12.04 14:29:13.000;/api-gateway/kab/permanent/setApplicationData/<dealId>;LXJCVGdVZjk0MDcxMjA0MDAwNw;
2023.12.04 14:30:28.000;/api-gateway/kab/permanent/approveApplication/<dealId>;Zk9ILVZIUWFGdzMwMzEyMDQwMDA4;
2023.12.04 14:30:20.000;/api-gateway/kab/permanent/setDeliveryData/<dealId>;Zk9ILVZIUWFGdzMwMzEyMDQwMDA4;
2023.12.04 14:28:29.000;/api-gateway/kab/permanent/setEIdEnvelopeId/<dealId>;b2NTU0h2eEc0MDMxMjA0MDAwNA;
2023.12.04 14:28:36.000;/api-gateway/kab/permanent/getESignForm/<dealId>;b2NTU0h2eEc0MDMxMjA0MDAwNA;
2023.12.04 14:28:43.000;/api-gateway/identification/getPassport/<dealId>;LXJCVGdVZjk0MDcxMjA0MDAwNw;
2023.12.04 14:28:52.000;/api-gateway/kab/permanent/getESignForm/<dealId>;b2NTU0h2eEc0MDMxMjA0MDAwNA;
2023.12.04 14:28:53.000;/api-gateway/identification/readIdentification/<dealId>;LXJCVGdVZjk0MDcxMjA0MDAwNw;
2023.12.04 14:29:09.000;/api-gateway/kab/permanent/setEFunctions/<dealId>;b2NTU0h2eEc0MDMxMjA0MDAwNA;
2023.12.04 14:28:36.000;/api-gateway/kab/permanent/setESignData/<dealId>;b2NTU0h2eEc0MDMxMjA0MDAwNA;
2023.12.04 14:28:52.000;/api-gateway/kab/permanent/setESignData/<dealId>;b2NTU0h2eEc0MDMxMjA0MDAwNA;
2023.12.04 14:29:49.000;/api-gateway/kab/permanent/readApplication/<dealId>;LXJCVGdVZjk0MDcxMjA0MDAwNw;
2023.12.04 14:29:37.000;/api-gateway/kab/permanent/setEFunctions/<dealId>;LXJCVGdVZjk0MDcxMjA0MDAwNw;
2023.12.04 14:29:49.000;/api-gateway/kab/permanent/readApplication/<dealId>;Zk9ILVZIUWFGdzMwMzEyMDQwMDA4;
2023.12.04 14:29:52.000;/api-gateway/kab/permanent/setEFunctions/<dealId>;Zk9ILVZIUWFGdzMwMzEyMDQwMDA4;
2023.12.04 14:29:58.000;/api-gateway/kab/permanent/getApplicationForm/<dealId>;LXJCVGdVZjk0MDcxMjA0MDAwNw;
2023.12.04 14:30:10.000;/api-gateway/kab/permanent/setEmergencyData/<dealId>;Zk9ILVZIUWFGdzMwMzEyMDQwMDA4;
2023.12.04 14:29:23.000;/api-gateway/kab/permanent/getESignForm/<dealId>;LXJCVGdVZjk0MDcxMjA0MDAwNw;
2023.12.04 14:29:20.000;/api-gateway/identification/readIdentification/<dealId>;Zk9ILVZIUWFGdzMwMzEyMDQwMDA4;
2023.12.04 14:29:18.000;/api-gateway/kab/permanent/setEIdEnvelopeId/<dealId>;LXJCVGdVZjk0MDcxMjA0MDAwNw;
2023.12.04 14:29:20.000;/api-gateway/identification/assessPortraitImage/<dealId>;Zk9ILVZIUWFGdzMwMzEyMDQwMDA4;
2023.12.04 14:29:22.000;/api-gateway/identification/confirmApplicantIdentity/<dealId>;Zk9ILVZIUWFGdzMwMzEyMDQwMDA4;
2023.12.04 14:29:18.000;/api-gateway/identification/assessIdDocument/<dealId>;Zk9ILVZIUWFGdzMwMzEyMDQwMDA4;
2023.12.04 14:29:30.000;/api-gateway/kab/permanent/readApplication/<dealId>;Zk9ILVZIUWFGdzMwMzEyMDQwMDA4;
2023.12.04 14:29:32.000;/api-gateway/kab/permanent/signESignData/<dealId>;LXJCVGdVZjk0MDcxMjA0MDAwNw;
2023.12.04 14:29:16.000;/api-gateway/identification/readIdentification/<dealId>;Zk9ILVZIUWFGdzMwMzEyMDQwMDA4;
2023.12.04 14:29:18.000;/api-gateway/kab/permanent/readApplication/<dealId>;b2NTU0h2eEc0MDMxMjA0MDAwNA;
2023.12.04 14:29:18.000;/api-gateway/kab/permanent/setDeliveryData/<dealId>;b2NTU0h2eEc0MDMxMjA0MDAwNA;
2023.12.04 14:29:46.000;/api-gateway/kab/permanent/setDocumentData/<dealId>;Zk9ILVZIUWFGdzMwMzEyMDQwMDA4;
2023.12.04 14:29:49.000;/api-gateway/kab/permanent/signEmergencyData/<dealId>;LXJCVGdVZjk0MDcxMjA0MDAwNw;
2023.12.04 14:29:40.000;/api-gateway/kab/permanent/setEmergencyData/<dealId>;LXJCVGdVZjk0MDcxMjA0MDAwNw;
2023.12.04 14:29:52.000;/api-gateway/kab/permanent/readApplication/<dealId>;Zk9ILVZIUWFGdzMwMzEyMDQwMDA4;
2023.12.04 14:29:52.000;/api-gateway/kab/permanent/readApplication/<dealId>;LXJCVGdVZjk0MDcxMjA0MDAwNw;
2023.12.04 14:29:57.000;/api-gateway/kab/permanent/getEmergencyDataForm/<dealId>;Zk9ILVZIUWFGdzMwMzEyMDQwMDA4;
2023.12.04 14:29:58.000;/api-gateway/kab/permanent/readApplication/<dealId>;LXJCVGdVZjk0MDcxMjA0MDAwNw;
2023.12.04 14:28:45.000;/api-gateway/kab/permanent/signESignData/<dealId>;b2NTU0h2eEc0MDMxMjA0MDAwNA;
2023.12.04 14:29:01.000;/api-gateway/kab/permanent/readApplication/<dealId>;b2NTU0h2eEc0MDMxMjA0MDAwNA;
2023.12.04 14:29:03.000;/api-gateway/kab/permanent/readApplication/<dealId>;LXJCVGdVZjk0MDcxMjA0MDAwNw;
2023.12.04 14:30:20.000;/api-gateway/kab/permanent/getApplicationForm/<dealId>;Zk9ILVZIUWFGdzMwMzEyMDQwMDA4;
2023.12.04 14:28:30.000;/api-gateway/kab/permanent/readApplication/<dealId>;b2NTU0h2eEc0MDMxMjA0MDAwNA;
2023.12.04 14:28:54.000;/api-gateway/identification/confirmApplicantIdentity/<dealId>;LXJCVGdVZjk0MDcxMjA0MDAwNw;
2023.12.04 14:28:45.000;/api-gateway/kab/permanent/readApplication/<dealId>;b2NTU0h2eEc0MDMxMjA0MDAwNA;
2023.12.04 14:28:45.000;/api-gateway/identification/assessIdDocument/<dealId>;LXJCVGdVZjk0MDcxMjA0MDAwNw;
2023.12.04 14:29:01.000;/api-gateway/kab/permanent/signESignData/<dealId>;b2NTU0h2eEc0MDMxMjA0MDAwNA;
2023.12.04 14:29:12.000;/api-gateway/kab/permanent/setChipData/<dealId>;b2NTU0h2eEc0MDMxMjA0MDAwNA;
2023.12.04 14:29:12.000;/api-gateway/kab/permanent/readApplication/<dealId>;b2NTU0h2eEc0MDMxMjA0MDAwNA;
2023.12.04 14:29:15.000;/api-gateway/kab/permanent/setDocumentData/<dealId>;LXJCVGdVZjk0MDcxMjA0MDAwNw;
2023.12.04 14:29:15.000;/api-gateway/kab/permanent/readApplication/<dealId>;LXJCVGdVZjk0MDcxMjA0MDAwNw;
2023.12.04 14:29:16.000;/api-gateway/identification/getIdCard/<dealId>;Zk9ILVZIUWFGdzMwMzEyMDQwMDA4;
2023.12.04 14:29:23.000;/api-gateway/kab/permanent/setESignData/<dealId>;LXJCVGdVZjk0MDcxMjA0MDAwNw;
2023.12.04 14:29:32.000;/api-gateway/kab/permanent/readApplication/<dealId>;LXJCVGdVZjk0MDcxMjA0MDAwNw;
2023.12.04 14:29:40.000;/api-gateway/kab/permanent/getEmergencyDataForm/<dealId>;LXJCVGdVZjk0MDcxMjA0MDAwNw;
2023.12.04 14:29:44.000;/api-gateway/kab/permanent/setApplicationData/<dealId>;Zk9ILVZIUWFGdzMwMzEyMDQwMDA4;
2023.12.04 14:29:46.000;/api-gateway/kab/permanent/readApplication/<dealId>;Zk9ILVZIUWFGdzMwMzEyMDQwMDA4;
2023.12.04 14:29:49.000;/api-gateway/kab/permanent/setEIdEnvelopeId/<dealId>;Zk9ILVZIUWFGdzMwMzEyMDQwMDA4;
2023.12.04 14:29:52.000;/api-gateway/kab/permanent/setChipData/<dealId>;LXJCVGdVZjk0MDcxMjA0MDAwNw;
2023.12.04 14:30:06.000;/api-gateway/kab/permanent/signEmergencyData/<dealId>;Zk9ILVZIUWFGdzMwMzEyMDQwMDA4;
2023.12.04 14:30:15.000;/api-gateway/kab/permanent/readApplication/<dealId>;Zk9ILVZIUWFGdzMwMzEyMDQwMDA4;
2023.12.04 14:29:09.000;/api-gateway/kab/permanent/readApplication/<dealId>;b2NTU0h2eEc0MDMxMjA0MDAwNA;
2023.12.04 14:29:26.000;/api-gateway/kab/permanent/approveApplication/<dealId>;b2NTU0h2eEc0MDMxMjA0MDAwNA;
2023.12.04 14:29:18.000;/api-gateway/identification/readIdentification/<dealId>;Zk9ILVZIUWFGdzMwMzEyMDQwMDA4;
2023.12.04 14:29:18.000;/api-gateway/kab/permanent/getApplicationForm/<dealId>;b2NTU0h2eEc0MDMxMjA0MDAwNA;
2023.12.04 14:29:37.000;/api-gateway/kab/permanent/readApplication/<dealId>;LXJCVGdVZjk0MDcxMjA0MDAwNw;
2023.12.04 14:29:44.000;/api-gateway/kab/permanent/readApplication/<dealId>;Zk9ILVZIUWFGdzMwMzEyMDQwMDA4;
2023.12.04 14:29:57.000;/api-gateway/kab/permanent/setEmergencyData/<dealId>;Zk9ILVZIUWFGdzMwMzEyMDQwMDA4;
2023.12.04 14:30:06.000;/api-gateway/kab/permanent/readApplication/<dealId>;Zk9ILVZIUWFGdzMwMzEyMDQwMDA4;
2023.12.04 14:30:10.000;/api-gateway/kab/permanent/readApplication/<dealId>;Zk9ILVZIUWFGdzMwMzEyMDQwMDA4;
2023.12.04 14:30:05.000;/api-gateway/kab/permanent/approveApplication/<dealId>;LXJCVGdVZjk0MDcxMjA0MDAwNw;
2023.12.04 14:30:20.000;/api-gateway/kab/permanent/readApplication/<dealId>;Zk9ILVZIUWFGdzMwMzEyMDQwMDA4;
2023.12.04 14:28:44.000;/api-gateway/identification/getIdCard/<dealId>;LXJCVGdVZjk0MDcxMjA0MDAwNw;
2023.12.04 14:28:45.000;/api-gateway/identification/readIdentification/<dealId>;LXJCVGdVZjk0MDcxMjA0MDAwNw;
2023.12.04 14:28:52.000;/api-gateway/identification/compareFingerprints/<dealId>;LXJCVGdVZjk0MDcxMjA0MDAwNw;
2023.12.04 14:29:13.000;/api-gateway/kab/permanent/readApplication/<dealId>;LXJCVGdVZjk0MDcxMjA0MDAwNw;
2023.12.04 14:30:53.000;/api-gateway/identification/getDrivingLicense/<dealId>;WExPU2VKLTIyNTExMjA0MDAxMQ;
2023.12.04 14:31:11.000;/api-gateway/identification/readIdentification/<dealId>;ZjFfQXhXdTNrQTMxMjEyMDQwMDE0;
2023.12.04 14:31:30.000;/api-gateway/kab/permanent/readApplication/<dealId>;WExPU2VKLTIyNTExMjA0MDAxMQ;
2023.12.04 14:31:23.000;/api-gateway/kab/permanent/readApplication/<dealId>;WExPU2VKLTIyNTExMjA0MDAxMQ;
2023.12.04 14:31:20.000;/api-gateway/identification/confirmApplicantIdentity/<dealId>;ZjFfQXhXdTNrQTMxMjEyMDQwMDE0;
2023.12.04 14:31:27.000;/api-gateway/kab/permanent/readApplication/<dealId>;WExPU2VKLTIyNTExMjA0MDAxMQ;
2023.12.04 14:31:57.000;/api-gateway/kab/permanent/readApplication/<dealId>;ZjFfQXhXdTNrQTMxMjEyMDQwMDE0;
2023.12.04 14:31:59.000;/api-gateway/kab/permanent/setEFunctions/<dealId>;ZjFfQXhXdTNrQTMxMjEyMDQwMDE0;
2023.12.04 14:31:57.000;/api-gateway/kab/permanent/setEIdEnvelopeId/<dealId>;ZjFfQXhXdTNrQTMxMjEyMDQwMDE0;
2023.12.04 14:32:08.000;/api-gateway/identification/readIdentification/<dealId>;UFNEV3Jieng0MTExMjA0MDAxNQ;
2023.12.04 14:32:08.000;/api-gateway/identification/getPassport/<dealId>;UFNEV3Jieng0MTExMjA0MDAxNQ;
2023.12.04 14:32:11.000;/api-gateway/identification/readIdentification/<dealId>;UFNEV3Jieng0MTExMjA0MDAxNQ;
2023.12.04 14:32:18.000;/api-gateway/kab/permanent/readApplication/<dealId>;ZjFfQXhXdTNrQTMxMjEyMDQwMDE0;
2023.12.04 14:32:47.000;/api-gateway/identification/readIdentification/<dealId>;NnBONEdjZFMzMDMxMjA0MDAxNg;
2023.12.04 14:33:11.000;/api-gateway/kab/permanent/setEFunctions/<dealId>;NnBONEdjZFMzMDMxMjA0MDAxNg;
2023.12.04 14:32:54.000;/api-gateway/kab/permanent/setDocumentData/<dealId>;UFNEV3Jieng0MTExMjA0MDAxNQ;
2023.12.04 14:32:59.000;/api-gateway/kab/permanent/setEFunctions/<dealId>;UFNEV3Jieng0MTExMjA0MDAxNQ;
2023.12.04 14:32:57.000;/api-gateway/kab/permanent/readApplication/<dealId>;NnBONEdjZFMzMDMxMjA0MDAxNg;
2023.12.04 14:32:57.000;/api-gateway/kab/permanent/readApplication/<dealId>;UFNEV3Jieng0MTExMjA0MDAxNQ;
2023.12.04 14:33:05.000;/api-gateway/kab/permanent/setDocumentData/<dealId>;NnBONEdjZFMzMDMxMjA0MDAxNg;
2023.12.04 14:33:02.000;/api-gateway/kab/permanent/getEmergencyDataForm/<dealId>;UFNEV3Jieng0MTExMjA0MDAxNQ;
2023.12.04 14:33:56.000;/api-gateway/kab/permanent/getApplicationForm/<dealId>;OHdldFBvZUZfZzMxODEyMDQwMDE3;
2023.12.04 14:34:03.000;/api-gateway/kab/permanent/approveApplication/<dealId>;OHdldFBvZUZfZzMxODEyMDQwMDE3;
2023.12.04 14:33:50.000;/api-gateway/kab/permanent/setEIdEnvelopeId/<dealId>;OHdldFBvZUZfZzMxODEyMDQwMDE3;
2023.12.04 14:31:43.000;/api-gateway/kab/permanent/readApplication/<dealId>;WExPU2VKLTIyNTExMjA0MDAxMQ;
2023.12.04 14:31:34.000;/api-gateway/kab/permanent/setEmergencyData/<dealId>;WExPU2VKLTIyNTExMjA0MDAxMQ;
2023.12.04 14:33:28.000;/api-gateway/kab/permanent/approveApplication/<dealId>;UFNEV3Jieng0MTExMjA0MDAxNQ;
2023.12.04 14:33:53.000;/api-gateway/kab/permanent/readApplication/<dealId>;OHdldFBvZUZfZzMxODEyMDQwMDE3;
2023.12.04 14:30:53.000;/api-gateway/identification/readIdentification/<dealId>;WExPU2VKLTIyNTExMjA0MDAxMQ;
2023.12.04 14:31:11.000;/api-gateway/kab/permanent/setDocumentData/<dealId>;bEpoZHpMV1oxdzMwMzEyMDQwMDEy;
2023.12.04 14:31:28.000;/api-gateway/identification/setActingPerson/<dealId>;ZjFfQXhXdTNrQTMxMjEyMDQwMDE0;
2023.12.04 14:31:19.000;/api-gateway/kab/permanent/readApplication/<dealId>;bEpoZHpMV1oxdzMwMzEyMDQwMDEy;
2023.12.04 14:31:22.000;/api-gateway/kab/permanent/setDeliveryData/<dealId>;bEpoZHpMV1oxdzMwMzEyMDQwMDEy;
2023.12.04 14:31:19.000;/api-gateway/kab/permanent/setChipData/<dealId>;bEpoZHpMV1oxdzMwMzEyMDQwMDEy;
2023.12.04 14:31:30.000;/api-gateway/kab/permanent/approveApplication/<dealId>;bEpoZHpMV1oxdzMwMzEyMDQwMDEy;
2023.12.04 14:31:22.000;/api-gateway/kab/permanent/getApplicationForm/<dealId>;bEpoZHpMV1oxdzMwMzEyMDQwMDEy;
2023.12.04 14:31:47.000;/api-gateway/kab/permanent/readApplication/<dealId>;WExPU2VKLTIyNTExMjA0MDAxMQ;
2023.12.04 14:31:51.000;/api-gateway/kab/permanent/readApplication/<dealId>;ZjFfQXhXdTNrQTMxMjEyMDQwMDE0;
2023.12.04 14:32:03.000;/api-gateway/kab/permanent/readApplication/<dealId>;WExPU2VKLTIyNTExMjA0MDAxMQ;
2023.12.04 14:32:11.000;/api-gateway/identification/assessIdDocument/<dealId>;UFNEV3Jieng0MTExMjA0MDAxNQ;
2023.12.04 14:32:05.000;/api-gateway/kab/permanent/getEmergencyDataForm/<dealId>;ZjFfQXhXdTNrQTMxMjEyMDQwMDE0;
2023.12.04 14:32:23.000;/api-gateway/kab/permanent/setDeliveryData/<dealId>;ZjFfQXhXdTNrQTMxMjEyMDQwMDE0;
2023.12.04 14:32:29.000;/api-gateway/identification/readIdentification/<dealId>;NnBONEdjZFMzMDMxMjA0MDAxNg;
2023.12.04 14:32:20.000;/api-gateway/identification/compareFingerprints/<dealId>;UFNEV3Jieng0MTExMjA0MDAxNQ;
2023.12.04 14:32:41.000;/api-gateway/kab/permanent/readApplication/<dealId>;UFNEV3Jieng0MTExMjA0MDAxNQ;
2023.12.04 14:32:32.000;/api-gateway/identification/readIdentification/<dealId>;NnBONEdjZFMzMDMxMjA0MDAxNg;
2023.12.04 14:32:47.000;/api-gateway/identification/setActingPerson/<dealId>;NnBONEdjZFMzMDMxMjA0MDAxNg;
2023.12.04 14:32:52.000;/api-gateway/kab/permanent/setApplicationData/<dealId>;UFNEV3Jieng0MTExMjA0MDAxNQ;
2023.12.04 14:32:33.000;/api-gateway/identification/confirmActingPersons/<dealId>;UFNEV3Jieng0MTExMjA0MDAxNQ;
2023.12.04 14:33:02.000;/api-gateway/kab/permanent/setEmergencyData/<dealId>;UFNEV3Jieng0MTExMjA0MDAxNQ;
2023.12.04 14:33:08.000;/api-gateway/kab/permanent/setEIdEnvelopeId/<dealId>;NnBONEdjZFMzMDMxMjA0MDAxNg;
2023.12.04 14:33:08.000;/api-gateway/kab/permanent/readApplication/<dealId>;NnBONEdjZFMzMDMxMjA0MDAxNg;
2023.12.04 14:33:04.000;/api-gateway/kab/permanent/setApplicationData/<dealId>;NnBONEdjZFMzMDMxMjA0MDAxNg;
2023.12.04 14:33:31.000;/api-gateway/kab/permanent/readApplication/<dealId>;NnBONEdjZFMzMDMxMjA0MDAxNg;
2023.12.04 14:33:31.000;/api-gateway/kab/permanent/getApplicationForm/<dealId>;NnBONEdjZFMzMDMxMjA0MDAxNg;
2023.12.04 14:33:54.000;/api-gateway/kab/permanent/setChipData/<dealId>;OHdldFBvZUZfZzMxODEyMDQwMDE3;
2023.12.04 14:33:51.000;/api-gateway/kab/permanent/readApplication/<dealId>;OHdldFBvZUZfZzMxODEyMDQwMDE3;
2023.12.04 14:33:56.000;/api-gateway/kab/permanent/readApplication/<dealId>;OHdldFBvZUZfZzMxODEyMDQwMDE3;
2023.12.04 14:33:14.000;/api-gateway/kab/permanent/setEmergencyData/<dealId>;NnBONEdjZFMzMDMxMjA0MDAxNg;
2023.12.04 14:33:05.000;/api-gateway/kab/permanent/readApplication/<dealId>;NnBONEdjZFMzMDMxMjA0MDAxNg;
2023.12.04 14:30:55.000;/api-gateway/identification/getIdCard/<dealId>;WExPU2VKLTIyNTExMjA0MDAxMQ;
2023.12.04 14:30:58.000;/api-gateway/identification/assessPortraitImage/<dealId>;WExPU2VKLTIyNTExMjA0MDAxMQ;
2023.12.04 14:31:23.000;/api-gateway/kab/permanent/setDocumentData/<dealId>;WExPU2VKLTIyNTExMjA0MDAxMQ;
2023.12.04 14:31:18.000;/api-gateway/identification/compareFingerprints/<dealId>;ZjFfQXhXdTNrQTMxMjEyMDQwMDE0;
2023.12.04 14:31:39.000;/api-gateway/kab/permanent/readApplication/<dealId>;ZjFfQXhXdTNrQTMxMjEyMDQwMDE0;
2023.12.04 14:31:22.000;/api-gateway/kab/permanent/readApplication/<dealId>;bEpoZHpMV1oxdzMwMzEyMDQwMDEy;
2023.12.04 14:31:26.000;/api-gateway/kab/permanent/setEIdEnvelopeId/<dealId>;WExPU2VKLTIyNTExMjA0MDAxMQ;
2023.12.04 14:31:28.000;/api-gateway/identification/getDrivingLicense/<dealId>;ZjFfQXhXdTNrQTMxMjEyMDQwMDE0;
2023.12.04 14:31:21.000;/api-gateway/identification/readIdentification/<dealId>;ZjFfQXhXdTNrQTMxMjEyMDQwMDE0;
2023.12.04 14:31:30.000;/api-gateway/kab/permanent/setEFunctions/<dealId>;WExPU2VKLTIyNTExMjA0MDAxMQ;
2023.12.04 14:31:28.000;/api-gateway/identification/readIdentification/<dealId>;ZjFfQXhXdTNrQTMxMjEyMDQwMDE0;
2023.12.04 14:32:00.000;/api-gateway/kab/permanent/readApplication/<dealId>;ZjFfQXhXdTNrQTMxMjEyMDQwMDE0;
2023.12.04 14:31:53.000;/api-gateway/kab/permanent/setDocumentData/<dealId>;ZjFfQXhXdTNrQTMxMjEyMDQwMDE0;
2023.12.04 14:32:11.000;/api-gateway/kab/permanent/approveApplication/<dealId>;WExPU2VKLTIyNTExMjA0MDAxMQ;
2023.12.04 14:32:03.000;/api-gateway/kab/permanent/setDeliveryData/<dealId>;WExPU2VKLTIyNTExMjA0MDAxMQ;
2023.12.04 14:32:13.000;/api-gateway/kab/permanent/signEmergencyData/<dealId>;ZjFfQXhXdTNrQTMxMjEyMDQwMDE0;
2023.12.04 14:31:35.000;/api-gateway/kab/permanent/getEmergencyDataForm/<dealId>;WExPU2VKLTIyNTExMjA0MDAxMQ;
2023.12.04 14:30:59.000;/api-gateway/identification/confirmApplicantIdentity/<dealId>;WExPU2VKLTIyNTExMjA0MDAxMQ;
2023.12.04 14:30:56.000;/api-gateway/identification/assessIdDocument/<dealId>;WExPU2VKLTIyNTExMjA0MDAxMQ;
2023.12.04 14:30:56.000;/api-gateway/identification/readIdentification/<dealId>;WExPU2VKLTIyNTExMjA0MDAxMQ;
2023.12.04 14:31:16.000;/api-gateway/kab/permanent/readApplication/<dealId>;bEpoZHpMV1oxdzMwMzEyMDQwMDEy;
2023.12.04 14:31:09.000;/api-gateway/kab/permanent/readApplication/<dealId>;WExPU2VKLTIyNTExMjA0MDAxMQ;
2023.12.04 14:31:11.000;/api-gateway/identification/getIdCard/<dealId>;ZjFfQXhXdTNrQTMxMjEyMDQwMDE0;
2023.12.04 14:31:13.000;/api-gateway/identification/assessIdDocument/<dealId>;ZjFfQXhXdTNrQTMxMjEyMDQwMDE0;
2023.12.04 14:31:13.000;/api-gateway/identification/readIdentification/<dealId>;ZjFfQXhXdTNrQTMxMjEyMDQwMDE0;
2023.12.04 14:31:14.000;/api-gateway/kab/permanent/setEIdEnvelopeId/<dealId>;bEpoZHpMV1oxdzMwMzEyMDQwMDEy;
2023.12.04 14:32:22.000;/api-gateway/identification/confirmApplicantIdentity/<dealId>;UFNEV3Jieng0MTExMjA0MDAxNQ;
2023.12.04 14:32:20.000;/api-gateway/identification/readIdentification/<dealId>;UFNEV3Jieng0MTExMjA0MDAxNQ;
2023.12.04 14:32:23.000;/api-gateway/identification/readIdentification/<dealId>;NnBONEdjZFMzMDMxMjA0MDAxNg;
2023.12.04 14:32:23.000;/api-gateway/kab/permanent/readApplication/<dealId>;ZjFfQXhXdTNrQTMxMjEyMDQwMDE0;
2023.12.04 14:32:31.000;/api-gateway/identification/confirmApplicantIdentity/<dealId>;NnBONEdjZFMzMDMxMjA0MDAxNg;
2023.12.04 14:33:23.000;/api-gateway/kab/permanent/readApplication/<dealId>;NnBONEdjZFMzMDMxMjA0MDAxNg;
2023.12.04 14:33:31.000;/api-gateway/kab/permanent/setDeliveryData/<dealId>;NnBONEdjZFMzMDMxMjA0MDAxNg;
2023.12.04 14:33:26.000;/api-gateway/kab/permanent/setChipData/<dealId>;NnBONEdjZFMzMDMxMjA0MDAxNg;
2023.12.04 14:33:38.000;/api-gateway/kab/permanent/approveApplication/<dealId>;NnBONEdjZFMzMDMxMjA0MDAxNg;
2023.12.04 14:33:54.000;/api-gateway/kab/permanent/readApplication/<dealId>;OHdldFBvZUZfZzMxODEyMDQwMDE3;
2023.12.04 14:33:52.000;/api-gateway/kab/permanent/setEFunctions/<dealId>;OHdldFBvZUZfZzMxODEyMDQwMDE3;
2023.12.04 14:33:44.000;/api-gateway/kab/permanent/readApplication/<dealId>;OHdldFBvZUZfZzMxODEyMDQwMDE3;
2023.12.04 14:33:46.000;/api-gateway/kab/permanent/readApplication/<dealId>;OHdldFBvZUZfZzMxODEyMDQwMDE3;
2023.12.04 14:33:48.000;/api-gateway/kab/permanent/readApplication/<dealId>;OHdldFBvZUZfZzMxODEyMDQwMDE3;
2023.12.04 14:32:29.000;/api-gateway/identification/compareFingerprints/<dealId>;NnBONEdjZFMzMDMxMjA0MDAxNg;
2023.12.04 14:31:29.000;/api-gateway/identification/getPassport/<dealId>;ZjFfQXhXdTNrQTMxMjEyMDQwMDE0;
2023.12.04 14:31:21.000;/api-gateway/kab/permanent/readApplication/<dealId>;WExPU2VKLTIyNTExMjA0MDAxMQ;
2023.12.04 14:31:50.000;/api-gateway/kab/permanent/setApplicationData/<dealId>;ZjFfQXhXdTNrQTMxMjEyMDQwMDE0;
2023.12.04 14:31:53.000;/api-gateway/kab/permanent/readApplication/<dealId>;ZjFfQXhXdTNrQTMxMjEyMDQwMDE0;
2023.12.04 14:32:05.000;/api-gateway/kab/permanent/setEmergencyData/<dealId>;ZjFfQXhXdTNrQTMxMjEyMDQwMDE0;
2023.12.04 14:31:30.000;/api-gateway/identification/confirmActingPersons/<dealId>;ZjFfQXhXdTNrQTMxMjEyMDQwMDE0;
2023.12.04 14:32:13.000;/api-gateway/identification/readIdentification/<dealId>;UFNEV3Jieng0MTExMjA0MDAxNQ;
2023.12.04 14:32:13.000;/api-gateway/kab/permanent/readApplication/<dealId>;ZjFfQXhXdTNrQTMxMjEyMDQwMDE0;
2023.12.04 14:33:21.000;/api-gateway/kab/permanent/readApplication/<dealId>;UFNEV3Jieng0MTExMjA0MDAxNQ;
2023.12.04 14:33:23.000;/api-gateway/kab/permanent/signEmergencyData/<dealId>;NnBONEdjZFMzMDMxMjA0MDAxNg;
2023.12.04 14:32:23.000;/api-gateway/kab/permanent/getApplicationForm/<dealId>;ZjFfQXhXdTNrQTMxMjEyMDQwMDE0;
2023.12.04 14:32:31.000;/api-gateway/identification/setActingPerson/<dealId>;UFNEV3Jieng0MTExMjA0MDAxNQ;
2023.12.04 14:32:31.000;/api-gateway/identification/readIdentification/<dealId>;UFNEV3Jieng0MTExMjA0MDAxNQ;
2023.12.04 14:32:31.000;/api-gateway/identification/getIdCard/<dealId>;UFNEV3Jieng0MTExMjA0MDAxNQ;
2023.12.04 14:32:18.000;/api-gateway/kab/permanent/setChipData/<dealId>;ZjFfQXhXdTNrQTMxMjEyMDQwMDE0;
2023.12.04 14:33:11.000;/api-gateway/kab/permanent/readApplication/<dealId>;UFNEV3Jieng0MTExMjA0MDAxNQ;
2023.12.04 14:32:48.000;/api-gateway/identification/confirmActingPersons/<dealId>;NnBONEdjZFMzMDMxMjA0MDAxNg;
2023.12.04 14:33:14.000;/api-gateway/kab/permanent/getEmergencyDataForm/<dealId>;NnBONEdjZFMzMDMxMjA0MDAxNg;
2023.12.04 14:33:04.000;/api-gateway/kab/permanent/readApplication/<dealId>;NnBONEdjZFMzMDMxMjA0MDAxNg;
2023.12.04 14:33:16.000;/api-gateway/kab/permanent/readApplication/<dealId>;UFNEV3Jieng0MTExMjA0MDAxNQ;
2023.12.04 14:30:52.000;/api-gateway/identification/confirmApplicantIdentity/<dealId>;bEpoZHpMV1oxdzMwMzEyMDQwMDEy;
2023.12.04 14:31:09.000;/api-gateway/kab/permanent/setApplicationData/<dealId>;bEpoZHpMV1oxdzMwMzEyMDQwMDEy;
2023.12.04 14:31:09.000;/api-gateway/kab/permanent/readApplication/<dealId>;bEpoZHpMV1oxdzMwMzEyMDQwMDEy;
2023.12.04 14:31:14.000;/api-gateway/kab/permanent/readApplication/<dealId>;bEpoZHpMV1oxdzMwMzEyMDQwMDEy;
2023.12.04 14:33:56.000;/api-gateway/kab/permanent/setDeliveryData/<dealId>;OHdldFBvZUZfZzMxODEyMDQwMDE3;
2023.12.04 14:32:21.000;/api-gateway/identification/getIdCard/<dealId>;NnBONEdjZFMzMDMxMjA0MDAxNg;
2023.12.04 14:32:32.000;/api-gateway/kab/permanent/approveApplication/<dealId>;ZjFfQXhXdTNrQTMxMjEyMDQwMDE0;
2023.12.04 14:32:22.000;/api-gateway/identification/readIdentification/<dealId>;UFNEV3Jieng0MTExMjA0MDAxNQ;
2023.12.04 14:32:23.000;/api-gateway/identification/assessIdDocument/<dealId>;NnBONEdjZFMzMDMxMjA0MDAxNg;
2023.12.04 14:33:11.000;/api-gateway/kab/permanent/signEmergencyData/<dealId>;UFNEV3Jieng0MTExMjA0MDAxNQ;
2023.12.04 14:33:11.000;/api-gateway/kab/permanent/readApplication/<dealId>;NnBONEdjZFMzMDMxMjA0MDAxNg;
2023.12.04 14:32:52.000;/api-gateway/kab/permanent/readApplication/<dealId>;UFNEV3Jieng0MTExMjA0MDAxNQ;
2023.12.04 14:32:59.000;/api-gateway/kab/permanent/readApplication/<dealId>;UFNEV3Jieng0MTExMjA0MDAxNQ;
2023.12.04 14:32:57.000;/api-gateway/kab/permanent/setEIdEnvelopeId/<dealId>;UFNEV3Jieng0MTExMjA0MDAxNQ;
2023.12.04 14:33:16.000;/api-gateway/kab/permanent/setChipData/<dealId>;UFNEV3Jieng0MTExMjA0MDAxNQ;
2023.12.04 14:31:01.000;/api-gateway/kab/permanent/readApplication/<dealId>;bEpoZHpMV1oxdzMwMzEyMDQwMDEy;
2023.12.04 14:30:49.000;/api-gateway/identification/readIdentification/<dealId>;bEpoZHpMV1oxdzMwMzEyMDQwMDEy;
2023.12.04 14:30:58.000;/api-gateway/identification/readIdentification/<dealId>;WExPU2VKLTIyNTExMjA0MDAxMQ;
2023.12.04 14:31:16.000;/api-gateway/kab/permanent/setEFunctions/<dealId>;bEpoZHpMV1oxdzMwMzEyMDQwMDEy;
2023.12.04 14:31:11.000;/api-gateway/kab/permanent/readApplication/<dealId>;bEpoZHpMV1oxdzMwMzEyMDQwMDEy;
2023.12.04 14:32:21.000;/api-gateway/identification/readIdentification/<dealId>;NnBONEdjZFMzMDMxMjA0MDAxNg;
2023.12.04 14:32:54.000;/api-gateway/kab/permanent/readApplication/<dealId>;UFNEV3Jieng0MTExMjA0MDAxNQ;
2023.12.04 14:31:43.000;/api-gateway/kab/permanent/signEmergencyData/<dealId>;WExPU2VKLTIyNTExMjA0MDAxMQ;
2023.12.04 14:31:21.000;/api-gateway/kab/permanent/setApplicationData/<dealId>;WExPU2VKLTIyNTExMjA0MDAxMQ;
2023.12.04 14:31:19.000;/api-gateway/identification/readIdentification/<dealId>;ZjFfQXhXdTNrQTMxMjEyMDQwMDE0;
2023.12.04 14:31:47.000;/api-gateway/kab/permanent/setChipData/<dealId>;WExPU2VKLTIyNTExMjA0MDAxMQ;
2023.12.04 14:32:03.000;/api-gateway/kab/permanent/getApplicationForm/<dealId>;WExPU2VKLTIyNTExMjA0MDAxMQ;
2023.12.04 14:32:10.000;/api-gateway/identification/getIdCard/<dealId>;UFNEV3Jieng0MTExMjA0MDAxNQ;
2023.12.04 14:32:13.000;/api-gateway/identification/assessPortraitImage/<dealId>;UFNEV3Jieng0MTExMjA0MDAxNQ;
2023.12.04 14:33:20.000;/api-gateway/kab/permanent/setDeliveryData/<dealId>;UFNEV3Jieng0MTExMjA0MDAxNQ;
2023.12.04 14:33:26.000;/api-gateway/kab/permanent/readApplication/<dealId>;NnBONEdjZFMzMDMxMjA0MDAxNg;
2023.12.04 14:33:21.000;/api-gateway/kab/permanent/getApplicationForm/<dealId>;UFNEV3Jieng0MTExMjA0MDAxNQ;
2023.12.04 14:33:48.000;/api-gateway/kab/permanent/setDocumentData/<dealId>;OHdldFBvZUZfZzMxODEyMDQwMDE3;
2023.12.04 14:33:46.000;/api-gateway/kab/permanent/setApplicationData/<dealId>;OHdldFBvZUZfZzMxODEyMDQwMDE3;
